[{"id":"7b6a0dde.0dea7c","type":"tab","label":"procurement","disabled":false,"info":""},{"id":"67cfdea1.1e4a38","type":"inject","z":"7b6a0dde.0dea7c","name":"","props":[{"p":"payload"},{"p":"topic","vt":"str"}],"repeat":"","crontab":"","once":false,"onceDelay":0.1,"topic":"","payload":"","payloadType":"date","x":100,"y":220,"wires":[["2b07bedd.d7bd0a"]]},{"id":"2b07bedd.d7bd0a","type":"function","z":"7b6a0dde.0dea7c","name":"","func":"var request = {\n  \"request_id\": \"a9z5fe7230\",\n  \"proposer\": \"Health Departement\",\n  \"category\": \"public health\",\n  \"title\": \"Masks FFP2\",\n  \"description\": \"Masks on stock for ongoing pnademic\",\n  \"amount\": 10000000,\n  \"max_costs\": 500000,\n  \"delivery_date\": \"2020-12-18\",\n  \"bidding_start\": \"2020-10-01\",\n  \"bidding_end\": \"2020-10-15\",\n  \"bidding_depot\": 5,\n  \"equipment_requirements\": {\n  \"filtration_percentage\": 94,\n  \"leak_rate\": 8,\n  \"color\": \"white\"\n  }\n}\n\nmsg.payload = request\nreturn msg;","outputs":1,"noerr":0,"initialize":"","finalize":"","x":215,"y":220,"wires":[["3d0b604b.253ae"]],"l":false},{"id":"3d0b604b.253ae","type":"debug","z":"7b6a0dde.0dea7c","name":"","active":true,"tosidebar":true,"console":false,"tostatus":false,"complete":"false","statusVal":"","statusType":"auto","x":330,"y":120,"wires":[]},{"id":"789efef5.2759","type":"ui_dropdown","z":"7b6a0dde.0dea7c","name":"","label":"","tooltip":"","place":"Select option","group":"2082519f.18486e","order":2,"width":0,"height":0,"passthru":true,"multiple":false,"options":[{"label":"","value":"","type":"str"}],"payload":"","topic":"","x":360,"y":360,"wires":[["174c9893.d406bf","5683e672.cb2cc8"]]},{"id":"26828aa.d43faf6","type":"function","z":"7b6a0dde.0dea7c","name":"","func":"var businesses = [{\n  \"SwissMask AG\": \"0xCa2970CFb9ACF8cc30Bab4eb86fd50e6d11EEf46\",\n  \"2Care GmbH\": \"0xA2c18F1387C2fc653dC23b459B37BF0cefcD9D4A\",\n  \"Novartex\": \"0xF9159d4Bd7EEab5bbd1273b1e3D9685Dfc98042D\"\n}]\n\nmsg.options = businesses\nreturn msg;","outputs":1,"noerr":0,"initialize":"","finalize":"","x":215,"y":360,"wires":[["789efef5.2759"]],"l":false},{"id":"174c9893.d406bf","type":"debug","z":"7b6a0dde.0dea7c","name":"","active":true,"tosidebar":true,"console":false,"tostatus":false,"complete":"false","statusVal":"","statusType":"auto","x":490,"y":300,"wires":[]},{"id":"d4005170.171848","type":"ui_button","z":"7b6a0dde.0dea7c","name":"","group":"2082519f.18486e","order":1,"width":0,"height":0,"passthru":false,"label":"refresh","tooltip":"","color":"","bgcolor":"","icon":"","payload":"","payloadType":"str","topic":"","x":100,"y":360,"wires":[["26828aa.d43faf6"]]},{"id":"5683e672.cb2cc8","type":"function","z":"7b6a0dde.0dea7c","name":"","func":"global.set(\"bidding_business\", msg.payload);\nreturn msg;","outputs":1,"noerr":0,"initialize":"","finalize":"","x":515,"y":360,"wires":[[]],"l":false},{"id":"ff9fa445.24f89","type":"ui_form","z":"7b6a0dde.0dea7c","name":"","label":"","group":"2082519f.18486e","order":6,"width":0,"height":0,"options":[{"label":"Offering Price","value":"offering_price","type":"text","required":true,"rows":null},{"label":"Proposal Hash","value":"proposal_hash","type":"text","required":true,"rows":null}],"formValue":{"offering_price":"","proposal_hash":""},"payload":"","submit":"submit","cancel":"cancel","topic":"","x":90,"y":440,"wires":[["ea4099a3.672e98"]]},{"id":"ea4099a3.672e98","type":"debug","z":"7b6a0dde.0dea7c","name":"","active":true,"tosidebar":true,"console":false,"tostatus":false,"complete":"false","statusVal":"","statusType":"auto","x":290,"y":440,"wires":[]},{"id":"2082519f.18486e","type":"ui_group","z":"","name":"Bids","tab":"c06b7f51.7f442","order":1,"disp":true,"width":"6","collapse":false},{"id":"c06b7f51.7f442","type":"ui_tab","z":"","name":"Bidding","icon":"dashboard","disabled":false,"hidden":false}]