[{"id":"4d61d427.c72314","type":"tab","label":"Government","disabled":false,"info":""},{"id":"dda1fca1.30c2b8","type":"tab","label":"Bidding","disabled":false,"info":""},{"id":"62c9f004.ef90e","type":"tab","label":"Requirement","disabled":false,"info":""},{"id":"cca10030.5abc88","type":"ui_group","z":"","name":"Bids","tab":"8c2ad4bc.f4031","order":2,"disp":true,"width":"12","collapse":false},{"id":"8c2ad4bc.f4031","type":"ui_tab","z":"","name":"Bidding - Business","icon":"dashboard","order":2,"disabled":false,"hidden":false},{"id":"10a1b3e9.cda624","type":"ui_base","theme":{"name":"theme-dark","lightTheme":{"default":"#0094CE","baseColor":"#097479","baseFont":"-apple-system,BlinkMacSystemFont,Segoe UI,Roboto,Oxygen-Sans,Ubuntu,Cantarell,Helvetica Neue,sans-serif","edited":true,"reset":false},"darkTheme":{"default":"#097479","baseColor":"#097479","baseFont":"-apple-system,BlinkMacSystemFont,Segoe UI,Roboto,Oxygen-Sans,Ubuntu,Cantarell,Helvetica Neue,sans-serif","edited":true,"reset":false},"customTheme":{"name":"Untitled Theme 1","default":"#4B7930","baseColor":"#4b7930","baseFont":"-apple-system,BlinkMacSystemFont,Segoe UI,Roboto,Oxygen-Sans,Ubuntu,Cantarell,Helvetica Neue,sans-serif","reset":false},"themeState":{"base-color":{"default":"#097479","value":"#097479","edited":true},"page-titlebar-backgroundColor":{"value":"#097479","edited":false},"page-backgroundColor":{"value":"#111111","edited":false},"page-sidebar-backgroundColor":{"value":"#333333","edited":false},"group-textColor":{"value":"#0eb8c0","edited":false},"group-borderColor":{"value":"#555555","edited":false},"group-backgroundColor":{"value":"#333333","edited":false},"widget-textColor":{"value":"#eeeeee","edited":false},"widget-backgroundColor":{"value":"#097479","edited":false},"widget-borderColor":{"value":"#333333","edited":false},"base-font":{"value":"-apple-system,BlinkMacSystemFont,Segoe UI,Roboto,Oxygen-Sans,Ubuntu,Cantarell,Helvetica Neue,sans-serif"}},"angularTheme":{"primary":"indigo","accents":"blue","warn":"red","background":"grey"}},"site":{"name":"Node-RED Dashboard","hideToolbar":"false","allowSwipe":"false","lockMenu":"false","allowTempTheme":"true","dateFormat":"DD/MM/YYYY","sizes":{"sx":48,"sy":48,"gx":15,"gy":15,"cx":6,"cy":6,"px":0,"py":0}}},{"id":"ea059af6.6b0f38","type":"ui_group","z":"","name":"Get Biddings","tab":"8c2ad4bc.f4031","order":5,"disp":true,"width":"20","collapse":false},{"id":"c1ef5836.486cb","type":"ui_group","z":"","name":"Revealing","tab":"8c2ad4bc.f4031","order":6,"disp":true,"width":"8","collapse":false},{"id":"435fec3.2ced794","type":"ui_group","z":"","name":"Generate Hash","tab":"8c2ad4bc.f4031","order":8,"disp":true,"width":"12","collapse":false},{"id":"4c958129.c11398","type":"ui_spacer","name":"spacer","group":"","order":2,"width":"4","height":"5"},{"id":"2560bc87.cb1e14","type":"ui_spacer","name":"spacer","group":"","order":5,"width":"2","height":"2"},{"id":"3c23b1a1.4adf86","type":"ui_spacer","name":"spacer","group":"","order":4,"width":1,"height":"2"},{"id":"b46e32c7.464c2","type":"ui_spacer","name":"spacer","group":"","order":7,"width":1,"height":"2"},{"id":"39b720b2.ecf2b8","type":"ui_group","z":"","name":"Withdraw Depot","tab":"8c2ad4bc.f4031","order":9,"disp":true,"width":"9","collapse":false},{"id":"4ce93fbc.f7eb88","type":"ui_tab","z":"","name":"Requirement","icon":"dashboard","order":3,"disabled":false,"hidden":false},{"id":"ca2524a6.a36e18","type":"ui_tab","z":"","name":"Government","icon":"dashboard","order":1,"disabled":false,"hidden":false},{"id":"75e9e051.2ed0d8","type":"ui_group","z":"","name":"Add Request","tab":"ca2524a6.a36e18","order":1,"disp":true,"width":"9","collapse":false},{"id":"23445f46.3dc76","type":"ui_group","z":"","name":"Set State","tab":"ca2524a6.a36e18","order":2,"disp":true,"width":"9","collapse":false},{"id":"86bcd5db.48112","type":"ui_group","z":"","name":"Get State","tab":"ca2524a6.a36e18","order":3,"disp":true,"width":"9","collapse":false},{"id":"f71cf198.5bca2","type":"ui_group","z":"","name":"Bidding Winner","tab":"ca2524a6.a36e18","order":4,"disp":true,"width":"9","collapse":false},{"id":"f23b68dc.2b47e","type":"ui_spacer","name":"spacer","group":"","order":2,"width":3,"height":1},{"id":"eb32f503.91c728","type":"ui_spacer","name":"spacer","group":"","order":3,"width":3,"height":1},{"id":"a4aceb54.63ae","type":"ui_spacer","name":"spacer","group":"","order":4,"width":3,"height":1},{"id":"37baa8ca.e552e","type":"ui_spacer","name":"spacer","group":"","order":5,"width":3,"height":1},{"id":"3c5f3ae9.46c13e","type":"ui_spacer","name":"spacer","group":"","order":6,"width":3,"height":1},{"id":"395597de.3019b8","type":"ui_spacer","name":"spacer","group":"c1ef5836.486cb","order":6,"width":"1","height":"2"},{"id":"72e7e757.e9205","type":"ui_spacer","name":"spacer","group":"435fec3.2ced794","order":4,"width":8,"height":1},{"id":"47afcebc.3a1fa8","type":"ui_spacer","name":"spacer","group":"39b720b2.ecf2b8","order":5,"width":8,"height":1},{"id":"7e0e792.f536d08","type":"ui_spacer","name":"spacer","group":"cca10030.5abc88","order":5,"width":"12","height":"2"},{"id":"ced06306.69006","type":"ui_spacer","name":"spacer","group":"23445f46.3dc76","order":5,"width":1,"height":"2"},{"id":"f4135edf.18971","type":"ui_spacer","name":"spacer","group":"75e9e051.2ed0d8","order":2,"width":1,"height":"4"},{"id":"f68391f7.548e3","type":"ui_spacer","name":"spacer","group":"86bcd5db.48112","order":5,"width":1,"height":"2"},{"id":"29a041f0.8b13ae","type":"ui_spacer","name":"spacer","group":"f71cf198.5bca2","order":5,"width":1,"height":"2"},{"id":"7c090578.08312c","type":"ui_group","z":"","name":"Create SSI","tab":"4ce93fbc.f7eb88","order":1,"disp":true,"width":"6","collapse":false},{"id":"ef5a6b54.41e34","type":"ui_group","z":"","name":"Authority Validation","tab":"4ce93fbc.f7eb88","order":3,"disp":true,"width":"16","collapse":false},{"id":"84797397.a97618","type":"ui_group","z":"","name":"Reveal Proof","tab":"4ce93fbc.f7eb88","order":4,"disp":true,"width":"6","collapse":false},{"id":"d97df8d8.4096c8","type":"ui_dropdown","z":"dda1fca1.30c2b8","name":"","label":"","tooltip":"","place":"Business","group":"cca10030.5abc88","order":2,"width":"0","height":"0","passthru":true,"multiple":false,"options":[{"label":"","value":"","type":"str"}],"payload":"","topic":"","x":540,"y":160,"wires":[["19eafc17.b5557c","820bc9ef.4aacb8"]]},{"id":"c67aad94.2b1f3","type":"function","z":"dda1fca1.30c2b8","name":"","func":"var businesses = [{\n  \"SwissMask AG\": \"0xCa2970CFb9ACF8cc30Bab4eb86fd50e6d11EEf46\",\n  \"2Care GmbH\": \"0xA2c18F1387C2fc653dC23b459B37BF0cefcD9D4A\",\n  \"Novartex\": \"0xF9159d4Bd7EEab5bbd1273b1e3D9685Dfc98042D\"\n}]\n\nmsg.options = businesses\nreturn msg;","outputs":1,"noerr":0,"initialize":"","finalize":"","x":395,"y":160,"wires":[["d97df8d8.4096c8"]],"l":false},{"id":"19eafc17.b5557c","type":"debug","z":"dda1fca1.30c2b8","name":"","active":true,"tosidebar":true,"console":false,"tostatus":false,"complete":"payload","targetType":"msg","statusVal":"","statusType":"auto","x":670,"y":100,"wires":[]},{"id":"97a1ad03.9a56d","type":"ui_button","z":"dda1fca1.30c2b8","name":"","group":"cca10030.5abc88","order":1,"width":0,"height":0,"passthru":false,"label":"Refresh","tooltip":"","color":"","bgcolor":"","icon":"","payload":"","payloadType":"str","topic":"","x":280,"y":160,"wires":[["c67aad94.2b1f3","29e986f1.a8e1ca"]]},{"id":"820bc9ef.4aacb8","type":"function","z":"dda1fca1.30c2b8","name":"","func":"global.set(\"bidding_business\", msg.payload);\nreturn msg;","outputs":1,"noerr":0,"initialize":"","finalize":"","x":695,"y":160,"wires":[[]],"l":false},{"id":"6a2d1269.690654","type":"ui_form","z":"dda1fca1.30c2b8","name":"","label":"","group":"cca10030.5abc88","order":4,"width":"0","height":"0","options":[{"label":"Bidding Hash","value":"bidding_hash","type":"text","required":true,"rows":null},{"label":"Offer Hash","value":"offer_hash","type":"text","required":true,"rows":null}],"formValue":{"bidding_hash":"","offer_hash":""},"payload":"","submit":"submit","cancel":"cancel","topic":"","x":290,"y":460,"wires":[["df77ba0.bb73dc8"]]},{"id":"f093292e.72974","type":"debug","z":"dda1fca1.30c2b8","name":"","active":true,"tosidebar":true,"console":false,"tostatus":false,"complete":"payload","targetType":"msg","statusVal":"","statusType":"auto","x":610,"y":460,"wires":[]},{"id":"df77ba0.bb73dc8","type":"function","z":"dda1fca1.30c2b8","name":"","func":"var bidding = msg.payload;\n\nbidding.sender_address = global.get(\"bidding_business\");\nbidding.request_id = global.get(\"selected_request_id\");\nbidding.command = \"place_bid\";\n\nmsg.payload = \"'\" + JSON.stringify(bidding) + \"'\";\nreturn msg;\n\n","outputs":1,"noerr":0,"initialize":"","finalize":"","x":455,"y":460,"wires":[["f093292e.72974","edd22093.939e58"]],"l":false},{"id":"31d87de5.61330a","type":"comment","z":"dda1fca1.30c2b8","name":"1. Bidding by businesses","info":"","x":110,"y":60,"wires":[]},{"id":"cfc6e02c.49ff08","type":"ui_dropdown","z":"dda1fca1.30c2b8","name":"","label":"","tooltip":"","place":"Request","group":"cca10030.5abc88","order":3,"width":0,"height":0,"passthru":true,"multiple":false,"options":[{"label":"","value":"","type":"str"}],"payload":"","topic":"","x":540,"y":260,"wires":[["46b7bb66.ed46d4","b6c63aa2.65d57"]]},{"id":"29e986f1.a8e1ca","type":"function","z":"dda1fca1.30c2b8","name":"","func":"var businesses = [{\n  \"Masks FFP2\": \"a9z5fe7230\"\n}]\n\nmsg.options = businesses\nreturn msg;","outputs":1,"noerr":0,"initialize":"","finalize":"","x":395,"y":260,"wires":[["cfc6e02c.49ff08"]],"l":false},{"id":"46b7bb66.ed46d4","type":"debug","z":"dda1fca1.30c2b8","name":"","active":true,"tosidebar":true,"console":false,"tostatus":false,"complete":"false","statusVal":"","statusType":"auto","x":670,"y":200,"wires":[]},{"id":"b6c63aa2.65d57","type":"function","z":"dda1fca1.30c2b8","name":"","func":"global.set(\"selected_request_id\", msg.payload);\nreturn msg;","outputs":1,"noerr":0,"initialize":"","finalize":"","x":695,"y":260,"wires":[[]],"l":false},{"id":"ccd4de29.add748","type":"inject","z":"dda1fca1.30c2b8","name":"","props":[{"p":"payload"},{"p":"topic","vt":"str"}],"repeat":"","crontab":"","once":false,"onceDelay":0.1,"topic":"","payload":"","payloadType":"date","x":320,"y":520,"wires":[["43d75f96.318d7","5af541cb.c5f478","441ef70a.b24118"]]},{"id":"edd22093.939e58","type":"exec","z":"dda1fca1.30c2b8","command":"node procurement/js/main.js  ","addpay":true,"append":"","useSpawn":"false","timer":"","oldrc":false,"name":"","x":650,"y":520,"wires":[["7e7e8cc8.bcc404","b4a8e735.d6aa78"],["72165b98.a8d5ec"],["ce3de9ce.d38268"]]},{"id":"43d75f96.318d7","type":"function","z":"dda1fca1.30c2b8","name":"","func":"var request = {\n  \"request_id\": \"a9z5fe7230\",\n  \"sender_address\": \"0xCa2970CFb9ACF8cc30Bab4eb86fd50e6d11EEf46\",\n  \"bidding_hash\": '0x1253e9373e781b7500266caa55150e08e210bc8cd8cc70d89985e3600155e860', //105\n  \"offer_hash\": '0xe37c53d26bf95f5d2e13d3d891d2ad55c91557d9a312cfc158c0dc1621bebaa4', //offerte\n  \"command\": \"place_bid\"\n}\nmsg.payload = \"'\" + JSON.stringify(request) + \"'\";\nreturn msg;","outputs":1,"noerr":0,"initialize":"","finalize":"","x":455,"y":500,"wires":[["edd22093.939e58"]],"l":false},{"id":"7e7e8cc8.bcc404","type":"debug","z":"dda1fca1.30c2b8","name":"stdout","active":true,"tosidebar":true,"console":false,"tostatus":false,"complete":"payload","targetType":"msg","statusVal":"","statusType":"auto","x":890,"y":440,"wires":[]},{"id":"72165b98.a8d5ec","type":"debug","z":"dda1fca1.30c2b8","name":"stderr","active":true,"tosidebar":true,"console":true,"tostatus":false,"complete":"payload","targetType":"msg","statusVal":"","statusType":"auto","x":1000,"y":520,"wires":[]},{"id":"ce3de9ce.d38268","type":"debug","z":"dda1fca1.30c2b8","name":"code","active":true,"tosidebar":true,"console":false,"tostatus":false,"complete":"payload","targetType":"msg","statusVal":"","statusType":"auto","x":871,"y":560,"wires":[]},{"id":"5af541cb.c5f478","type":"function","z":"dda1fca1.30c2b8","name":"","func":"var request = {\n  \"request_id\": \"a9z5fe7230\",\n  \"sender_address\": \"0xA2c18F1387C2fc653dC23b459B37BF0cefcD9D4A\",\n  \"bidding_hash\": '0x28dae7c8bde2f3ca608f86d0e16a214dee74c74bee011cdfdd46bc04b655bc14', //511\n  \"offer_hash\": '0xe37c53d26bf95f5d2e13d3d891d2ad55c91557d9a312cfc158c0dc1621bebaa4', //offerte\n  \"command\": \"place_bid\"\n}\nmsg.payload = \"'\" + JSON.stringify(request) + \"'\";\nreturn msg;","outputs":1,"noerr":0,"initialize":"","finalize":"","x":455,"y":540,"wires":[["edd22093.939e58"]],"l":false},{"id":"441ef70a.b24118","type":"function","z":"dda1fca1.30c2b8","name":"","func":"var request = {\n  \"request_id\": \"a9z5fe7230\",\n  \"sender_address\": \"0xF9159d4Bd7EEab5bbd1273b1e3D9685Dfc98042D\",\n  \"bidding_hash\": '0x0f8ef3377b30fc47f96b48247f463a726a802f62f3faa03d56403751d2f66c67', //512\n  \"offer_hash\": '0xe37c53d26bf95f5d2e13d3d891d2ad55c91557d9a312cfc158c0dc1621bebaa4', //offerte\n  \"command\": \"place_bid\"\n}\nmsg.payload = \"'\" + JSON.stringify(request) + \"'\";\nreturn msg;","outputs":1,"noerr":0,"initialize":"","finalize":"","x":455,"y":580,"wires":[["edd22093.939e58"]],"l":false},{"id":"8f8350ad.403dd8","type":"inject","z":"dda1fca1.30c2b8","name":"","props":[{"p":"payload"},{"p":"topic","vt":"str"}],"repeat":"","crontab":"","once":false,"onceDelay":0.1,"topic":"","payload":"","payloadType":"date","x":320,"y":1440,"wires":[["aa419ba4.7366","320e11e.c724aee","927f8f73.29146"]]},{"id":"cd8f0287.f09e2","type":"exec","z":"dda1fca1.30c2b8","command":"node procurement/js/main.js  ","addpay":true,"append":"","useSpawn":"false","timer":"","oldrc":false,"name":"","x":650,"y":1440,"wires":[["87f81137.d0bea"],["2cb764e0.dfa88c"],["112b067e.8a5a8a"]]},{"id":"927f8f73.29146","type":"function","z":"dda1fca1.30c2b8","name":"","func":"var request = {\n  \"request_id\": \"a9z5fe7230\",\n  \"sender_address\": \"0xCa2970CFb9ACF8cc30Bab4eb86fd50e6d11EEf46\",\n  \"price\": \"10\",\n  \"nonce\": \"5\",\n  \"command\": \"reveal_bid\"\n}\nmsg.payload = \"'\" + JSON.stringify(request) + \"'\";\nreturn msg;","outputs":1,"noerr":0,"initialize":"","finalize":"","x":445,"y":1440,"wires":[["cd8f0287.f09e2"]],"l":false},{"id":"87f81137.d0bea","type":"debug","z":"dda1fca1.30c2b8","name":"stdout","active":true,"tosidebar":true,"console":false,"tostatus":false,"complete":"payload","targetType":"msg","statusVal":"","statusType":"auto","x":880,"y":1400,"wires":[]},{"id":"2cb764e0.dfa88c","type":"debug","z":"dda1fca1.30c2b8","name":"stderr","active":true,"tosidebar":true,"console":true,"tostatus":false,"complete":"payload","targetType":"msg","statusVal":"","statusType":"auto","x":890,"y":1440,"wires":[]},{"id":"112b067e.8a5a8a","type":"debug","z":"dda1fca1.30c2b8","name":"code","active":true,"tosidebar":true,"console":false,"tostatus":false,"complete":"payload","targetType":"msg","statusVal":"","statusType":"auto","x":880,"y":1480,"wires":[]},{"id":"320e11e.c724aee","type":"function","z":"dda1fca1.30c2b8","name":"","func":"var request = {\n  \"request_id\": \"a9z5fe7230\",\n  \"sender_address\": \"0xF9159d4Bd7EEab5bbd1273b1e3D9685Dfc98042D\",\n  \"price\": \"12\",\n  \"nonce\": \"5\",\n  \"command\": \"reveal_bid\"\n}\nmsg.payload = \"'\" + JSON.stringify(request) + \"'\";\nreturn msg;","outputs":1,"noerr":0,"initialize":"","finalize":"","x":435,"y":1520,"wires":[["cd8f0287.f09e2"]],"l":false},{"id":"aa419ba4.7366","type":"function","z":"dda1fca1.30c2b8","name":"","func":"var request = {\n  \"request_id\": \"a9z5fe7230\",\n  \"sender_address\": \"0xA2c18F1387C2fc653dC23b459B37BF0cefcD9D4A\",\n  \"price\": \"11\",\n  \"nonce\": \"5\",\n  \"command\": \"reveal_bid\"\n}\nmsg.payload = \"'\" + JSON.stringify(request) + \"'\";\nreturn msg;","outputs":1,"noerr":0,"initialize":"","finalize":"","x":435,"y":1480,"wires":[["cd8f0287.f09e2"]],"l":false},{"id":"9bb23e80.42275","type":"comment","z":"dda1fca1.30c2b8","name":"1.2 Place Bid (manual or automatically by form)","info":"","x":200,"y":400,"wires":[]},{"id":"b4a8e735.d6aa78","type":"ui_toast","z":"dda1fca1.30c2b8","position":"dialog","displayTime":"7","highlight":"","sendall":true,"outputs":1,"ok":"OK","cancel":"","raw":false,"topic":"","name":"","x":910,"y":480,"wires":[[]]},{"id":"d219a7a4.2248a8","type":"comment","z":"dda1fca1.30c2b8","name":"3. Reveal Bid","info":"","x":70,"y":1040,"wires":[]},{"id":"a36f9521.568838","type":"ui_table","z":"dda1fca1.30c2b8","group":"ea059af6.6b0f38","name":"","order":3,"width":"20","height":"5","columns":[{"field":"business_address","title":"Business","width":"","align":"left","formatter":"plaintext","formatterParams":{"target":"_blank"}},{"field":"proposal_bid_hash","title":"Proposal Bid Hash","width":"","align":"left","formatter":"plaintext","formatterParams":{"target":"_blank"}}],"outputs":0,"cts":false,"x":1350,"y":900,"wires":[]},{"id":"3f8389d6.90a1f6","type":"ui_button","z":"dda1fca1.30c2b8","name":"","group":"ea059af6.6b0f38","order":1,"width":0,"height":0,"passthru":false,"label":"Refresh","tooltip":"","color":"","bgcolor":"","icon":"","payload":"","payloadType":"str","topic":"","x":300,"y":860,"wires":[["164db538.2ae28b"]]},{"id":"fa171b5c.c9965","type":"function","z":"dda1fca1.30c2b8","name":"","func":"var bidding = {}\n\nbidding.request_id = global.get(\"selected_request_id_state3\");\nbidding.command = \"get_proposals\";\n\nmsg.payload = \"'\" + JSON.stringify(bidding) + \"'\";\nreturn msg;\n\n","outputs":1,"noerr":0,"initialize":"","finalize":"","x":455,"y":920,"wires":[["2e00eee9.f36cca"]],"l":false},{"id":"2e00eee9.f36cca","type":"exec","z":"dda1fca1.30c2b8","command":"node procurement/js/main.js  ","addpay":true,"append":"","useSpawn":"false","timer":"","oldrc":false,"name":"","x":690,"y":920,"wires":[["236f0d6f.5f5bfa","3bbc2315.1ed11c"],["487d288a.28003"],["fa0837a4.e95cd8"]]},{"id":"236f0d6f.5f5bfa","type":"debug","z":"dda1fca1.30c2b8","name":"stdout","active":true,"tosidebar":true,"console":false,"tostatus":false,"complete":"payload","targetType":"msg","statusVal":"","statusType":"auto","x":1130,"y":860,"wires":[]},{"id":"487d288a.28003","type":"debug","z":"dda1fca1.30c2b8","name":"stderr","active":true,"tosidebar":true,"console":true,"tostatus":false,"complete":"payload","targetType":"msg","statusVal":"","statusType":"auto","x":1000,"y":940,"wires":[]},{"id":"fa0837a4.e95cd8","type":"debug","z":"dda1fca1.30c2b8","name":"code","active":true,"tosidebar":true,"console":false,"tostatus":false,"complete":"payload","targetType":"msg","statusVal":"","statusType":"auto","x":1000,"y":980,"wires":[]},{"id":"335faa36.960cde","type":"ui_dropdown","z":"dda1fca1.30c2b8","name":"","label":"","tooltip":"","place":"Request","group":"ea059af6.6b0f38","order":2,"width":0,"height":0,"passthru":true,"multiple":false,"options":[{"label":"","value":"","type":"str"}],"payload":"","topic":"","x":600,"y":860,"wires":[["67d2082c.725588"]]},{"id":"67d2082c.725588","type":"function","z":"dda1fca1.30c2b8","name":"","func":"global.set(\"selected_request_id_state3\", msg.payload);\nreturn msg;","outputs":1,"noerr":0,"initialize":"","finalize":"","x":735,"y":860,"wires":[[]],"l":false},{"id":"164db538.2ae28b","type":"function","z":"dda1fca1.30c2b8","name":"","func":"var businesses = [{\n  \"Masks FFP2\": \"a9z5fe7230\"\n}]\n\nmsg.options = businesses\nreturn msg;","outputs":1,"noerr":0,"initialize":"","finalize":"","x":455,"y":860,"wires":[["335faa36.960cde"]],"l":false},{"id":"6eba8f3b.267fd8","type":"ui_button","z":"dda1fca1.30c2b8","name":"","group":"ea059af6.6b0f38","order":4,"width":0,"height":0,"passthru":false,"label":"Load Proposals","tooltip":"","color":"","bgcolor":"","icon":"","payload":"","payloadType":"str","topic":"","x":320,"y":920,"wires":[["fa171b5c.c9965"]]},{"id":"3bbc2315.1ed11c","type":"function","z":"dda1fca1.30c2b8","name":"","func":"var result = JSON.parse(msg.payload)\nvar table_view = [] ;\nfor (i=0; i<10; i++) {\n   if(result[1][i] != \"0x0000000000000000000000000000000000000000\") {\n\n        table_view.push({\"proposal_bid_hash\" : result[0][i], \"business_address\" : result[1][i]});\n   }\n    \n}\nmsg.payload = table_view;\n\nreturn msg;\n\n\n\n","outputs":1,"noerr":0,"initialize":"","finalize":"","x":1140,"y":900,"wires":[["a36f9521.568838","e69f43cd.ce108"]]},{"id":"e69f43cd.ce108","type":"debug","z":"dda1fca1.30c2b8","name":"","active":true,"tosidebar":true,"console":false,"tostatus":false,"complete":"payload","targetType":"msg","statusVal":"","statusType":"auto","x":1300,"y":840,"wires":[]},{"id":"cfe123b.5f1bee","type":"ui_button","z":"dda1fca1.30c2b8","name":"","group":"c1ef5836.486cb","order":1,"width":0,"height":0,"passthru":false,"label":"Refresh","tooltip":"","color":"","bgcolor":"","icon":"","payload":"","payloadType":"str","topic":"","x":300,"y":1100,"wires":[["e2f476e0.8f6ec","d0f4522d.c1da28"]]},{"id":"e2f476e0.8f6ec","type":"function","z":"dda1fca1.30c2b8","name":"","func":"var businesses = [{\n  \"Masks FFP2\": \"a9z5fe7230\"\n}]\n\nmsg.options = businesses\nreturn msg;","outputs":1,"noerr":0,"initialize":"","finalize":"","x":475,"y":1100,"wires":[["2acd58b.c8eb128"]],"l":false},{"id":"2acd58b.c8eb128","type":"ui_dropdown","z":"dda1fca1.30c2b8","name":"","label":"","tooltip":"","place":"Request","group":"c1ef5836.486cb","order":2,"width":0,"height":0,"passthru":true,"multiple":false,"options":[{"label":"","value":"","type":"str"}],"payload":"","topic":"","x":620,"y":1100,"wires":[["b05f0862.32a66"]]},{"id":"b05f0862.32a66","type":"function","z":"dda1fca1.30c2b8","name":"","func":"global.set(\"selected_request_id4\", msg.payload);\nreturn msg;","outputs":1,"noerr":0,"initialize":"","finalize":"","x":735,"y":1100,"wires":[[]],"l":false},{"id":"5859bc62.499764","type":"ui_form","z":"dda1fca1.30c2b8","name":"","label":"","group":"c1ef5836.486cb","order":4,"width":0,"height":0,"options":[{"label":"Bidding Price","value":"price","type":"number","required":true,"rows":null},{"label":"Nonce","value":"nonce","type":"number","required":true,"rows":null}],"formValue":{"price":"","nonce":""},"payload":"","submit":"submit","cancel":"cancel","topic":"","x":290,"y":1200,"wires":[["5373d474.e39e3c"]]},{"id":"190c8906.4d37bf","type":"ui_dropdown","z":"dda1fca1.30c2b8","name":"","label":"","tooltip":"","place":"Business","group":"c1ef5836.486cb","order":3,"width":0,"height":0,"passthru":true,"multiple":false,"options":[{"label":"","value":"","type":"str"}],"payload":"","topic":"","x":620,"y":1140,"wires":[["37d07d8c.7ba40a"]]},{"id":"d0f4522d.c1da28","type":"function","z":"dda1fca1.30c2b8","name":"","func":"var businesses = [{\n  \"SwissMask AG\": \"0xCa2970CFb9ACF8cc30Bab4eb86fd50e6d11EEf46\",\n  \"2Care GmbH\": \"0xA2c18F1387C2fc653dC23b459B37BF0cefcD9D4A\",\n  \"Novartex\": \"0xF9159d4Bd7EEab5bbd1273b1e3D9685Dfc98042D\"\n}]\n\nmsg.options = businesses\nreturn msg;","outputs":1,"noerr":0,"initialize":"","finalize":"","x":475,"y":1140,"wires":[["190c8906.4d37bf"]],"l":false},{"id":"37d07d8c.7ba40a","type":"function","z":"dda1fca1.30c2b8","name":"","func":"global.set(\"bidding_business2\", msg.payload);\nreturn msg;","outputs":1,"noerr":0,"initialize":"","finalize":"","x":735,"y":1140,"wires":[[]],"l":false},{"id":"5373d474.e39e3c","type":"function","z":"dda1fca1.30c2b8","name":"","func":"var revealing = msg.payload;\n\nrevealing.sender_address = global.get(\"bidding_business2\");\nrevealing.request_id = global.get(\"selected_request_id4\");\nrevealing.command = \"reveal_bid\";\n\nmsg.payload = \"'\" + JSON.stringify(revealing) + \"'\";\nreturn msg;\n\n","outputs":1,"noerr":0,"initialize":"","finalize":"","x":475,"y":1200,"wires":[["bc7398.63ef2468","fb30207b.b8c328"]],"l":false},{"id":"bc7398.63ef2468","type":"exec","z":"dda1fca1.30c2b8","command":"node procurement/js/main.js  ","addpay":true,"append":"","useSpawn":"false","timer":"","oldrc":false,"name":"","x":680,"y":1200,"wires":[["b024065a.97ee4","8bd404ed.b49a28"],["836f9a76.891bf"],["a03ee225.518238"]]},{"id":"b024065a.97ee4","type":"debug","z":"dda1fca1.30c2b8","name":"stdout","active":true,"tosidebar":true,"console":false,"tostatus":false,"complete":"payload","targetType":"msg","statusVal":"","statusType":"auto","x":1090,"y":1140,"wires":[]},{"id":"836f9a76.891bf","type":"debug","z":"dda1fca1.30c2b8","name":"stderr","active":true,"tosidebar":true,"console":true,"tostatus":false,"complete":"payload","targetType":"msg","statusVal":"","statusType":"auto","x":920,"y":1220,"wires":[]},{"id":"a03ee225.518238","type":"debug","z":"dda1fca1.30c2b8","name":"code","active":true,"tosidebar":true,"console":false,"tostatus":false,"complete":"payload","targetType":"msg","statusVal":"","statusType":"auto","x":910,"y":1260,"wires":[]},{"id":"8bd404ed.b49a28","type":"ui_toast","z":"dda1fca1.30c2b8","position":"dialog","displayTime":"7","highlight":"","sendall":true,"outputs":1,"ok":"OK","cancel":"","raw":false,"topic":"","name":"","x":1110,"y":1180,"wires":[[]]},{"id":"fb30207b.b8c328","type":"debug","z":"dda1fca1.30c2b8","name":"","active":true,"tosidebar":true,"console":false,"tostatus":false,"complete":"false","statusVal":"","statusType":"auto","x":560,"y":1300,"wires":[]},{"id":"fe135d2a.981088","type":"comment","z":"dda1fca1.30c2b8","name":"3.1 Manual injection","info":"","x":110,"y":1300,"wires":[]},{"id":"2c708e9c.921a52","type":"digest","z":"dda1fca1.30c2b8","name":"encrypt","algorithm":"SHA256","x":600,"y":1720,"wires":[["64bce136.f59458"]]},{"id":"52b5f0dc.7f43f","type":"ui_text_input","z":"dda1fca1.30c2b8","name":"","label":"Hash Price","tooltip":"","group":"435fec3.2ced794","order":1,"width":0,"height":0,"passthru":true,"mode":"text","delay":300,"topic":"","x":310,"y":1620,"wires":[["b10b7b68.5bf3e"]]},{"id":"c9ee6ff5.55951","type":"ui_text_input","z":"dda1fca1.30c2b8","name":"","label":"Hash Nonce","tooltip":"","group":"435fec3.2ced794","order":2,"width":0,"height":0,"passthru":true,"mode":"text","delay":300,"topic":"","x":310,"y":1680,"wires":[["8e93f8bb.df7a18"]]},{"id":"b10b7b68.5bf3e","type":"function","z":"dda1fca1.30c2b8","name":"","func":"global.set(\"hash_price\", msg.payload);\nreturn msg;","outputs":1,"noerr":0,"initialize":"","finalize":"","x":475,"y":1620,"wires":[[]],"l":false},{"id":"8e93f8bb.df7a18","type":"function","z":"dda1fca1.30c2b8","name":"","func":"global.set(\"hash_nonce\", msg.payload);\nreturn msg;","outputs":1,"noerr":0,"initialize":"","finalize":"","x":475,"y":1680,"wires":[[]],"l":false},{"id":"7f9a008.1584f8","type":"ui_button","z":"dda1fca1.30c2b8","name":"","group":"435fec3.2ced794","order":5,"width":0,"height":0,"passthru":false,"label":"Generate Hash","tooltip":"","color":"","bgcolor":"","icon":"","payload":"","payloadType":"str","topic":"","x":320,"y":1720,"wires":[["1e22266c.a235e2"]]},{"id":"1e22266c.a235e2","type":"function","z":"dda1fca1.30c2b8","name":"","func":"msg.payload = global.get(\"hash_price\")+global.get(\"hash_nonce\");\nreturn msg;","outputs":1,"noerr":0,"initialize":"","finalize":"","x":475,"y":1720,"wires":[["2c708e9c.921a52"]],"l":false},{"id":"7695aa33.47c854","type":"ui_text","z":"dda1fca1.30c2b8","group":"435fec3.2ced794","order":3,"width":6,"height":2,"name":"","label":"","format":"{{msg.payload}}","layout":"row-spread","x":870,"y":1720,"wires":[]},{"id":"64bce136.f59458","type":"function","z":"dda1fca1.30c2b8","name":"","func":"msg.payload = \"0x\" + msg.payload\nreturn msg;","outputs":1,"noerr":0,"initialize":"","finalize":"","x":735,"y":1720,"wires":[["7695aa33.47c854"]],"l":false},{"id":"a1eecd7f.fad78","type":"comment","z":"dda1fca1.30c2b8","name":"5. Withdraw","info":"","x":70,"y":1840,"wires":[]},{"id":"2c612550.9e95ca","type":"comment","z":"dda1fca1.30c2b8","name":"4. Hash Generator","info":"","x":90,"y":1580,"wires":[]},{"id":"51812ee8.5f08e8","type":"ui_button","z":"dda1fca1.30c2b8","name":"","group":"39b720b2.ecf2b8","order":1,"width":0,"height":0,"passthru":false,"label":"Refresh","tooltip":"","color":"","bgcolor":"","icon":"","payload":"","payloadType":"str","topic":"","x":320,"y":1900,"wires":[["6c873195.48577","d5ea79a6.e66f48"]]},{"id":"228f0be1.5d212c","type":"ui_dropdown","z":"dda1fca1.30c2b8","name":"","label":"","tooltip":"","place":"Request","group":"39b720b2.ecf2b8","order":2,"width":0,"height":0,"passthru":true,"multiple":false,"options":[{"label":"","value":"","type":"str"}],"payload":"","topic":"","x":600,"y":1900,"wires":[["7f7e4410.ba60ec"]]},{"id":"7f7e4410.ba60ec","type":"function","z":"dda1fca1.30c2b8","name":"","func":"global.set(\"selected_request_id_withdraw\", msg.payload);\nreturn msg;","outputs":1,"noerr":0,"initialize":"","finalize":"","x":735,"y":1900,"wires":[[]],"l":false},{"id":"6c873195.48577","type":"function","z":"dda1fca1.30c2b8","name":"","func":"var businesses = [{\n  \"Masks FFP2\": \"a9z5fe7230\"\n}]\n\nmsg.options = businesses\nreturn msg;","outputs":1,"noerr":0,"initialize":"","finalize":"","x":455,"y":1900,"wires":[["228f0be1.5d212c"]],"l":false},{"id":"d5ea79a6.e66f48","type":"function","z":"dda1fca1.30c2b8","name":"","func":"var businesses = [{\n  \"SwissMask AG\": \"0xCa2970CFb9ACF8cc30Bab4eb86fd50e6d11EEf46\",\n  \"2Care GmbH\": \"0xA2c18F1387C2fc653dC23b459B37BF0cefcD9D4A\",\n  \"Novartex\": \"0xF9159d4Bd7EEab5bbd1273b1e3D9685Dfc98042D\"\n}]\n\nmsg.options = businesses\nreturn msg;","outputs":1,"noerr":0,"initialize":"","finalize":"","x":435,"y":2040,"wires":[["3b338cfd.b2ec3c"]],"l":false},{"id":"3b338cfd.b2ec3c","type":"ui_dropdown","z":"dda1fca1.30c2b8","name":"","label":"","tooltip":"","place":"Business","group":"39b720b2.ecf2b8","order":3,"width":0,"height":0,"passthru":true,"multiple":false,"options":[{"label":"","value":"","type":"str"}],"payload":"","topic":"","x":580,"y":2040,"wires":[["ce4b622f.4d8cd8","82c8388c.16efc8"]]},{"id":"82c8388c.16efc8","type":"function","z":"dda1fca1.30c2b8","name":"","func":"global.set(\"bidding_business_withdraw\", msg.payload);\nreturn msg;","outputs":1,"noerr":0,"initialize":"","finalize":"","x":735,"y":2040,"wires":[[]],"l":false},{"id":"ce4b622f.4d8cd8","type":"debug","z":"dda1fca1.30c2b8","name":"","active":true,"tosidebar":true,"console":false,"tostatus":false,"complete":"payload","targetType":"msg","statusVal":"","statusType":"auto","x":710,"y":1980,"wires":[]},{"id":"f9b0a300.4ad6b","type":"exec","z":"dda1fca1.30c2b8","command":"node procurement/js/main.js  ","addpay":true,"append":"","useSpawn":"false","timer":"","oldrc":false,"name":"","x":700,"y":2160,"wires":[["c527a2ea.9e56e8","34df8b8a.98f854"],["4c519f01.4f6988"],["108c5deb.214522"]]},{"id":"c527a2ea.9e56e8","type":"debug","z":"dda1fca1.30c2b8","name":"stdout","active":true,"tosidebar":true,"console":false,"tostatus":false,"complete":"payload","targetType":"msg","statusVal":"","statusType":"auto","x":930,"y":2060,"wires":[]},{"id":"4c519f01.4f6988","type":"debug","z":"dda1fca1.30c2b8","name":"stderr","active":true,"tosidebar":true,"console":true,"tostatus":false,"complete":"payload","targetType":"msg","statusVal":"","statusType":"auto","x":940,"y":2160,"wires":[]},{"id":"108c5deb.214522","type":"debug","z":"dda1fca1.30c2b8","name":"code","active":true,"tosidebar":true,"console":false,"tostatus":false,"complete":"payload","targetType":"msg","statusVal":"","statusType":"auto","x":930,"y":2220,"wires":[]},{"id":"3ef8f636.43a292","type":"ui_text","z":"dda1fca1.30c2b8","group":"39b720b2.ecf2b8","order":4,"width":0,"height":0,"name":"","label":"","format":"{{msg.payload}}","layout":"row-spread","x":1110,"y":2100,"wires":[]},{"id":"34df8b8a.98f854","type":"function","z":"dda1fca1.30c2b8","name":"","func":"\nif (msg.payload !==\"\"){\n    var result = JSON.parse(msg.payload)\n    if (result.blockNumber > 0){\n    msg.payload = \"Depot withdrawed\"\n}\nelse {\n    msg.payload = \"Error\"\n}\n\n}\nelse {\n    msg.payload = \"Error\"\n}\nreturn msg;\n\n","outputs":1,"noerr":0,"initialize":"","finalize":"","x":940,"y":2100,"wires":[["3ef8f636.43a292","5a84a0d4.54578"]]},{"id":"5a84a0d4.54578","type":"debug","z":"dda1fca1.30c2b8","name":"","active":true,"tosidebar":true,"console":false,"tostatus":false,"complete":"false","statusVal":"","statusType":"auto","x":1110,"y":2040,"wires":[]},{"id":"c83631b2.4424e8","type":"ui_button","z":"dda1fca1.30c2b8","name":"","group":"39b720b2.ecf2b8","order":6,"width":0,"height":0,"passthru":false,"label":"Withdraw Depot","tooltip":"","color":"","bgcolor":"","icon":"","payload":"","payloadType":"str","topic":"","x":340,"y":2160,"wires":[["bc3972ea.2ec58"]]},{"id":"bc3972ea.2ec58","type":"function","z":"dda1fca1.30c2b8","name":"","func":"var request = {\n  \"request_id\": global.get(\"selected_request_id_withdraw\"),\n  \"sender_address\": global.get(\"bidding_business_withdraw\"),\n  \"command\": \"withdraw\"\n}\nmsg.payload = \"'\" + JSON.stringify(request) + \"'\";\nreturn msg;","outputs":1,"noerr":0,"initialize":"","finalize":"","x":535,"y":2160,"wires":[["f9b0a300.4ad6b"]],"l":false},{"id":"4393adba.c4c60c","type":"inject","z":"4d61d427.c72314","name":"","props":[{"p":"payload"},{"p":"topic","vt":"str"}],"repeat":"","crontab":"","once":false,"onceDelay":0.1,"topic":"","payload":"","payloadType":"date","x":340,"y":240,"wires":[["1755e27f.292186"]]},{"id":"1755e27f.292186","type":"function","z":"4d61d427.c72314","name":"","func":"var request = {\n  \"request_id\": \"a9z5fe7230\",\n  \"proposer\": \"Health Departement\",\n  \"category\": \"public health\",\n  \"title\": \"Masks FFP2\",\n  \"description\": \"Masks on stock for ongoing pnademic\",\n  \"amount\": 10000000,\n  \"max_costs\": 500000,\n  \"delivery_date\": 1608335999,\n  \"bidding_depot\": 5,\n  \"equipment_requirements\": {\n  \"filtration_percentage\": 94,\n  \"leak_rate\": 8,\n  \"color\": \"white\"\n  }\n}\n\nmsg.payload = request;\n\nreturn msg;","outputs":1,"noerr":0,"initialize":"","finalize":"","x":455,"y":240,"wires":[["27c55a46.f7cb76","f62602cd.2977e8"]],"l":false},{"id":"27c55a46.f7cb76","type":"debug","z":"4d61d427.c72314","name":"","active":true,"tosidebar":true,"console":false,"tostatus":false,"complete":"false","statusVal":"","statusType":"auto","x":570,"y":140,"wires":[]},{"id":"2464be9f.fcafda","type":"comment","z":"4d61d427.c72314","name":"1. Request by government","info":"","x":110,"y":140,"wires":[]},{"id":"1c0156b6.49a5f9","type":"exec","z":"4d61d427.c72314","command":"node procurement/js/main.js  ","addpay":true,"append":"","useSpawn":"false","timer":"","oldrc":false,"name":"","x":1020,"y":240,"wires":[["e8764a58.b84cf8"],["2121e5b7.1b38ea","8ea1229.87be1e"],["4ceff055.471bb8"]]},{"id":"e8764a58.b84cf8","type":"debug","z":"4d61d427.c72314","name":"stdout","active":true,"tosidebar":true,"console":false,"tostatus":false,"complete":"payload","targetType":"msg","statusVal":"","statusType":"auto","x":1310,"y":160,"wires":[]},{"id":"2121e5b7.1b38ea","type":"debug","z":"4d61d427.c72314","name":"stderr","active":true,"tosidebar":true,"console":true,"tostatus":false,"complete":"payload","targetType":"msg","statusVal":"","statusType":"auto","x":1320,"y":200,"wires":[]},{"id":"4ceff055.471bb8","type":"debug","z":"4d61d427.c72314","name":"code","active":true,"tosidebar":true,"console":false,"tostatus":false,"complete":"payload","targetType":"msg","statusVal":"","statusType":"auto","x":1310,"y":240,"wires":[]},{"id":"f62602cd.2977e8","type":"function","z":"4d61d427.c72314","name":"","func":"var request = msg.payload;\n\nrequest.command = \"add_request\";\n\nmsg.payload = \"'\" + JSON.stringify(request) + \"'\";\nreturn msg;","outputs":1,"noerr":0,"initialize":"","finalize":"","x":675,"y":240,"wires":[["1c0156b6.49a5f9","cdfe2c09.ad8288"]],"l":false},{"id":"90694cf2.a6dd08","type":"inject","z":"4d61d427.c72314","name":"","props":[{"p":"payload"},{"p":"topic","vt":"str"}],"repeat":"","crontab":"","once":false,"onceDelay":0.1,"topic":"","payload":"","payloadType":"date","x":340,"y":340,"wires":[["8ea1229.87be1e"]]},{"id":"3288af43.3fa948","type":"exec","z":"4d61d427.c72314","command":"node procurement/js/main.js  ","addpay":true,"append":"","useSpawn":"false","timer":"","oldrc":false,"name":"","x":670,"y":340,"wires":[["372e2b49.a51cd4","f324f6bf.6e8518"],["89dfee4c.2986d"],["77b9a4cd.85b504"]]},{"id":"8ea1229.87be1e","type":"function","z":"4d61d427.c72314","name":"","func":"var request = {\n  \"request_id\": \"a9z5fe7230\",\n  \"command\": \"get_request\"\n}\nmsg.payload = \"'\" + JSON.stringify(request) + \"'\";\nreturn msg;","outputs":1,"noerr":0,"initialize":"","finalize":"","x":465,"y":340,"wires":[["3288af43.3fa948"]],"l":false},{"id":"372e2b49.a51cd4","type":"debug","z":"4d61d427.c72314","name":"stdout","active":true,"tosidebar":true,"console":false,"tostatus":false,"complete":"payload","targetType":"msg","statusVal":"","statusType":"auto","x":1030,"y":300,"wires":[]},{"id":"89dfee4c.2986d","type":"debug","z":"4d61d427.c72314","name":"stderr","active":true,"tosidebar":true,"console":true,"tostatus":false,"complete":"payload","targetType":"msg","statusVal":"","statusType":"auto","x":900,"y":360,"wires":[]},{"id":"77b9a4cd.85b504","type":"debug","z":"4d61d427.c72314","name":"code","active":true,"tosidebar":true,"console":false,"tostatus":false,"complete":"payload","targetType":"msg","statusVal":"","statusType":"auto","x":890,"y":400,"wires":[]},{"id":"b88781c0.c60418","type":"comment","z":"4d61d427.c72314","name":"1.1 Get Injected Request from Blockchain by request_id","info":"","x":220,"y":300,"wires":[]},{"id":"cc9d786d.894588","type":"ui_button","z":"4d61d427.c72314","name":"","group":"75e9e051.2ed0d8","order":1,"width":"0","height":"0","passthru":false,"label":"Inject Request","tooltip":"","color":"","bgcolor":"","icon":"","payload":"","payloadType":"str","topic":"","x":340,"y":180,"wires":[["1755e27f.292186"]]},{"id":"f324f6bf.6e8518","type":"ui_toast","z":"4d61d427.c72314","position":"dialog","displayTime":"7","highlight":"","sendall":true,"outputs":1,"ok":"OK","cancel":"","raw":false,"topic":"","name":"","x":1070,"y":340,"wires":[[]]},{"id":"cdfe2c09.ad8288","type":"debug","z":"4d61d427.c72314","name":"","active":true,"tosidebar":true,"console":false,"tostatus":false,"complete":"false","statusVal":"","statusType":"auto","x":880,"y":180,"wires":[]},{"id":"e1ef3608.6fe228","type":"comment","z":"4d61d427.c72314","name":"2. Set State","info":"","x":70,"y":520,"wires":[]},{"id":"a1881cd7.bf3468","type":"ui_button","z":"4d61d427.c72314","name":"","group":"23445f46.3dc76","order":2,"width":"1","height":"1","passthru":false,"label":"","tooltip":"","color":"","bgcolor":"","icon":"fa-refresh","payload":"","payloadType":"str","topic":"","x":310,"y":600,"wires":[["b7a78b6c.169cc8","e938adc1.514098"]]},{"id":"bc61bb22.672ef8","type":"ui_dropdown","z":"4d61d427.c72314","name":"","label":"","tooltip":"","place":"Select option","group":"23445f46.3dc76","order":1,"width":"8","height":"1","passthru":true,"multiple":false,"options":[{"label":"","value":"","type":"str"}],"payload":"","topic":"","x":620,"y":560,"wires":[["e8e265ee.ac1c98","7f3ebaf2.326c44"]]},{"id":"b7a78b6c.169cc8","type":"function","z":"4d61d427.c72314","name":"","func":"var states = [{\n  \"PROPOSAL\": 0,\n  \"REVEALING\": 1,\n  \"REQUIREMENT\": 2, \n  \"ORDER\": 3, \n  \"DELIVERY\": 4, \n  \"VALIDATION\": 5, \n  \"REQUEST_COMPLETED\": 6\n}]\n\nmsg.options = states\nreturn msg;","outputs":1,"noerr":0,"initialize":"","finalize":"","x":475,"y":560,"wires":[["bc61bb22.672ef8"]],"l":false},{"id":"e8e265ee.ac1c98","type":"function","z":"4d61d427.c72314","name":"","func":"global.set(\"state\", msg.payload);\n\nreturn msg;","outputs":1,"noerr":0,"initialize":"","finalize":"","x":735,"y":560,"wires":[[]],"l":false},{"id":"e938adc1.514098","type":"function","z":"4d61d427.c72314","name":"","func":"var businesses = [{\n  \"Masks FFP2\": \"a9z5fe7230\"\n}]\n\nmsg.options = businesses\nreturn msg;","outputs":1,"noerr":0,"initialize":"","finalize":"","x":475,"y":620,"wires":[["fa59ef0b.e7c64"]],"l":false},{"id":"fa59ef0b.e7c64","type":"ui_dropdown","z":"4d61d427.c72314","name":"","label":"","tooltip":"","place":"Request","group":"23445f46.3dc76","order":3,"width":"8","height":"1","passthru":true,"multiple":false,"options":[{"label":"","value":"","type":"str"}],"payload":"","topic":"","x":620,"y":620,"wires":[["31410b86.cd5364","576f66.4183309c"]]},{"id":"31410b86.cd5364","type":"function","z":"4d61d427.c72314","name":"","func":"global.set(\"selected_request_id_state\", msg.payload);\nreturn msg;","outputs":1,"noerr":0,"initialize":"","finalize":"","x":735,"y":620,"wires":[[]],"l":false},{"id":"b41c8360.68151","type":"ui_button","z":"4d61d427.c72314","name":"","group":"86bcd5db.48112","order":2,"width":"1","height":"1","passthru":false,"label":"","tooltip":"","color":"","bgcolor":"","icon":"fa-refresh","payload":"","payloadType":"str","topic":"","x":310,"y":1080,"wires":[["46097cd8.f153dc"]]},{"id":"46097cd8.f153dc","type":"function","z":"4d61d427.c72314","name":"","func":"var businesses = [{\n  \"Masks FFP2\": \"a9z5fe7230\"\n}]\n\nmsg.options = businesses\nreturn msg;","outputs":1,"noerr":0,"initialize":"","finalize":"","x":475,"y":1080,"wires":[["60d48f2e.47c3"]],"l":false},{"id":"60d48f2e.47c3","type":"ui_dropdown","z":"4d61d427.c72314","name":"","label":"","tooltip":"","place":"Request","group":"86bcd5db.48112","order":1,"width":"8","height":"1","passthru":true,"multiple":false,"options":[{"label":"","value":"","type":"str"}],"payload":"","topic":"","x":660,"y":1080,"wires":[["708e8beb.f5cdbc"]]},{"id":"708e8beb.f5cdbc","type":"function","z":"4d61d427.c72314","name":"","func":"global.set(\"selected_request_id_state2\", msg.payload);\nreturn msg;","outputs":1,"noerr":0,"initialize":"","finalize":"","x":775,"y":1080,"wires":[[]],"l":false},{"id":"7f3ebaf2.326c44","type":"debug","z":"4d61d427.c72314","name":"","active":true,"tosidebar":true,"console":false,"tostatus":false,"complete":"false","statusVal":"","statusType":"auto","x":800,"y":520,"wires":[]},{"id":"576f66.4183309c","type":"debug","z":"4d61d427.c72314","name":"","active":true,"tosidebar":true,"console":false,"tostatus":false,"complete":"false","statusVal":"","statusType":"auto","x":850,"y":620,"wires":[]},{"id":"6694a9e9.7144c","type":"comment","z":"dda1fca1.30c2b8","name":"2. Get Biddings","info":"","x":80,"y":800,"wires":[]},{"id":"aea26518.3a7078","type":"exec","z":"4d61d427.c72314","command":"node procurement/js/main.js  ","addpay":true,"append":"","useSpawn":"false","timer":"","oldrc":false,"name":"","x":620,"y":1460,"wires":[["4f6ab86b.f3f4e8","7ae899c2.f573"],["6f8a5a71.c150b4"],["475834ee.0701d4"]]},{"id":"4f6ab86b.f3f4e8","type":"debug","z":"4d61d427.c72314","name":"stdout","active":true,"tosidebar":true,"console":false,"tostatus":false,"complete":"payload","targetType":"msg","statusVal":"","statusType":"auto","x":850,"y":1380,"wires":[]},{"id":"6f8a5a71.c150b4","type":"debug","z":"4d61d427.c72314","name":"stderr","active":true,"tosidebar":true,"console":true,"tostatus":false,"complete":"payload","targetType":"msg","statusVal":"","statusType":"auto","x":860,"y":1460,"wires":[]},{"id":"475834ee.0701d4","type":"debug","z":"4d61d427.c72314","name":"code","active":true,"tosidebar":true,"console":false,"tostatus":false,"complete":"payload","targetType":"msg","statusVal":"","statusType":"auto","x":850,"y":1500,"wires":[]},{"id":"ab888f17.067ff8","type":"ui_button","z":"4d61d427.c72314","name":"","group":"f71cf198.5bca2","order":2,"width":"1","height":"1","passthru":false,"label":"","tooltip":"","color":"","bgcolor":"","icon":"fa-refresh","payload":"","payloadType":"str","topic":"","x":299,"y":1360,"wires":[["8a51d1d7.d4669"]]},{"id":"5c5f8af0.5c5b44","type":"ui_dropdown","z":"4d61d427.c72314","name":"","label":"","tooltip":"","place":"Request","group":"f71cf198.5bca2","order":1,"width":"8","height":"1","passthru":true,"multiple":false,"options":[{"label":"","value":"","type":"str"}],"payload":"","topic":"","x":610,"y":1360,"wires":[["5d0bb0bb.945158"]]},{"id":"5d0bb0bb.945158","type":"function","z":"4d61d427.c72314","name":"","func":"global.set(\"selected_request_id5\", msg.payload);\nreturn msg;","outputs":1,"noerr":0,"initialize":"","finalize":"","x":700,"y":1360,"wires":[[]],"l":false},{"id":"8a51d1d7.d4669","type":"function","z":"4d61d427.c72314","name":"","func":"var businesses = [{\n  \"Masks FFP2\": \"a9z5fe7230\"\n}]\n\nmsg.options = businesses\nreturn msg;","outputs":1,"noerr":0,"initialize":"","finalize":"","x":420,"y":1360,"wires":[["5c5f8af0.5c5b44"]],"l":false},{"id":"cecf53f3.aa61e8","type":"comment","z":"4d61d427.c72314","name":"4. Get Winner","info":"","x":70,"y":1300,"wires":[]},{"id":"70f7c08e.40ad8","type":"function","z":"4d61d427.c72314","name":"","func":"var request = {\n  \"request_id\": global.get(\"selected_request_id5\"),\n  \"command\": \"get_lowest_bid\"\n}\nmsg.payload = \"'\" + JSON.stringify(request) + \"'\";\nreturn msg;","outputs":1,"noerr":0,"initialize":"","finalize":"","x":435,"y":1460,"wires":[["aea26518.3a7078"]],"l":false},{"id":"8d391627.671698","type":"ui_button","z":"4d61d427.c72314","name":"","group":"f71cf198.5bca2","order":3,"width":0,"height":0,"passthru":false,"label":"Get Winner","tooltip":"","color":"","bgcolor":"","icon":"","payload":"","payloadType":"str","topic":"","x":320,"y":1460,"wires":[["70f7c08e.40ad8"]]},{"id":"d5c34a04.e43658","type":"ui_text","z":"4d61d427.c72314","group":"f71cf198.5bca2","order":4,"width":0,"height":0,"name":"","label":"","format":"{{msg.payload}}","layout":"row-spread","x":1010,"y":1420,"wires":[]},{"id":"7ae899c2.f573","type":"function","z":"4d61d427.c72314","name":"","func":"var result = JSON.parse(msg.payload)\nvar showWinner = {};\n\nvar businesses = [{\n  \"SwissMask AG\": \"0xCa2970CFb9ACF8cc30Bab4eb86fd50e6d11EEf46\",\n  \"2Care GmbH\": \"0xA2c18F1387C2fc653dC23b459B37BF0cefcD9D4A\",\n  \"Novartex\": \"0xF9159d4Bd7EEab5bbd1273b1e3D9685Dfc98042D\"\n}]\n\nswitch (result._lowest_bidder){\n    case '0xCa2970CFb9ACF8cc30Bab4eb86fd50e6d11EEf46':\n        showWinner.name = 'SwissMask AG';\n        break;\n    case '0xA2c18F1387C2fc653dC23b459B37BF0cefcD9D4A':\n        showWinner.name = '2Care GmbH';\n        break;\n    case '0xF9159d4Bd7EEab5bbd1273b1e3D9685Dfc98042D':\n        showWinner.name = 'Novartex';\n        break;\n    default:\n        showWinner.name = 'NO WINNER YET!';\n        break;\n}\n\nshowWinner.lowest_bid = result._lowest_bid;\n\nmsg.payload = showWinner.name;\n\nreturn msg;\n\n\n\n","outputs":1,"noerr":0,"initialize":"","finalize":"","x":860,"y":1420,"wires":[["d5c34a04.e43658","a5e212a1.2d566"]]},{"id":"a5e212a1.2d566","type":"debug","z":"4d61d427.c72314","name":"","active":true,"tosidebar":true,"console":false,"tostatus":false,"complete":"false","statusVal":"","statusType":"auto","x":1010,"y":1360,"wires":[]},{"id":"e65082eb.ad5fa8","type":"comment","z":"4d61d427.c72314","name":"3. Get State","info":"","x":70,"y":1000,"wires":[]},{"id":"ca9fb88d.033578","type":"ui_button","z":"4d61d427.c72314","name":"","group":"86bcd5db.48112","order":3,"width":0,"height":0,"passthru":false,"label":"Get State","tooltip":"","color":"","bgcolor":"","icon":"","payload":"","payloadType":"str","topic":"","x":320,"y":1160,"wires":[["d6f072a5.19c9d"]]},{"id":"d6f072a5.19c9d","type":"function","z":"4d61d427.c72314","name":"","func":"var bidding = {}\n\nbidding.request_id = global.get(\"selected_request_id_state2\");\nbidding.command = \"get_state\";\n\nmsg.payload = \"'\" + JSON.stringify(bidding) + \"'\";\nreturn msg;\n\n","outputs":1,"noerr":0,"initialize":"","finalize":"","x":475,"y":1160,"wires":[["c36e09cb.094618"]],"l":false},{"id":"485780a1.07bb1","type":"ui_text","z":"4d61d427.c72314","group":"86bcd5db.48112","order":4,"width":0,"height":0,"name":"","label":"","format":"{{msg.payload}}","layout":"row-spread","x":1190,"y":1100,"wires":[]},{"id":"c36e09cb.094618","type":"exec","z":"4d61d427.c72314","command":"node procurement/js/main.js  ","addpay":true,"append":"","useSpawn":"false","timer":"","oldrc":false,"name":"","x":720,"y":1160,"wires":[["cb1df2fe.12bc1","6a2e440e.14d37c"],["2f16e32b.d690e4"],["e51c6128.123ed"]]},{"id":"cb1df2fe.12bc1","type":"debug","z":"4d61d427.c72314","name":"stdout","active":true,"tosidebar":true,"console":false,"tostatus":false,"complete":"payload","targetType":"msg","statusVal":"","statusType":"auto","x":1010,"y":1060,"wires":[]},{"id":"2f16e32b.d690e4","type":"debug","z":"4d61d427.c72314","name":"stderr","active":true,"tosidebar":true,"console":true,"tostatus":false,"complete":"payload","targetType":"msg","statusVal":"","statusType":"auto","x":1020,"y":1160,"wires":[]},{"id":"e51c6128.123ed","type":"debug","z":"4d61d427.c72314","name":"code","active":true,"tosidebar":true,"console":false,"tostatus":false,"complete":"payload","targetType":"msg","statusVal":"","statusType":"auto","x":1010,"y":1200,"wires":[]},{"id":"6a2e440e.14d37c","type":"function","z":"4d61d427.c72314","name":"","func":"msg.payload = msg.payload.slice(0,-1)\nswitch (msg.payload){\n    case '0':\n        msg.payload = 'PROPOSAL';\n        break;\n    case '1':\n        msg.payload = 'REVEALING';\n        break;\n    case '2':\n        msg.payload = 'REQUIREMENT';\n        break;\n    case '3':\n        msg.payload = 'ORDER';\n        break;\n    case '4':\n        msg.payload = 'DELIVERY';\n        break;\n    case '5':\n        msg.payload = 'VALIDATION';\n        break;\n    case '6':\n        msg.payload = 'REQUEST_COMPLETED';\n        break;\n    default:\n        break;\n}\n\nreturn msg;","outputs":1,"noerr":0,"initialize":"","finalize":"","x":1075,"y":1100,"wires":[["485780a1.07bb1","3a47da39.d5d04e"]],"l":false},{"id":"3a47da39.d5d04e","type":"debug","z":"4d61d427.c72314","name":"","active":true,"tosidebar":true,"console":false,"tostatus":false,"complete":"false","statusVal":"","statusType":"auto","x":1250,"y":1140,"wires":[]},{"id":"3447651a.4621ca","type":"ui_button","z":"62c9f004.ef90e","name":"","group":"7c090578.08312c","order":0,"width":0,"height":0,"passthru":false,"label":"Create Identity","tooltip":"","color":"","bgcolor":"","icon":"","payload":"","payloadType":"str","topic":"","x":180,"y":340,"wires":[["f2e675e0.5b75c8"]]},{"id":"b3fb52c3.917628","type":"debug","z":"62c9f004.ef90e","name":"stdout","active":true,"tosidebar":true,"console":false,"tostatus":false,"complete":"payload","targetType":"msg","statusVal":"","statusType":"auto","x":750,"y":300,"wires":[]},{"id":"59b3d370.5bad34","type":"debug","z":"62c9f004.ef90e","name":"stderr","active":true,"tosidebar":true,"console":true,"tostatus":false,"complete":"payload","targetType":"msg","statusVal":"","statusType":"auto","x":760,"y":340,"wires":[]},{"id":"83dc6aa7.1a9d08","type":"debug","z":"62c9f004.ef90e","name":"code","active":true,"tosidebar":true,"console":false,"tostatus":false,"complete":"payload","targetType":"msg","statusVal":"","statusType":"auto","x":751,"y":380,"wires":[]},{"id":"8511df73.aab5b8","type":"ui_toast","z":"62c9f004.ef90e","position":"dialog","displayTime":"7","highlight":"","sendall":true,"outputs":1,"ok":"OK","cancel":"","raw":false,"topic":"","name":"","x":790,"y":260,"wires":[[]]},{"id":"b56cb396.625398","type":"comment","z":"62c9f004.ef90e","name":"1. Create Identity and Set State","info":"","x":130,"y":60,"wires":[]},{"id":"88880005.cda748","type":"exec","z":"4d61d427.c72314","command":"node procurement/js/main.js  ","addpay":true,"append":"","useSpawn":"false","timer":"","oldrc":false,"name":"","x":720,"y":800,"wires":[["509fa0ef.ab79a8","c2f195ac.2abcd"],["722b002c.5cc48"],["a7c81a06.b2b4a"]]},{"id":"18076094.e212bf","type":"ui_button","z":"4d61d427.c72314","name":"","group":"23445f46.3dc76","order":4,"width":0,"height":0,"passthru":false,"label":"Submit","tooltip":"","color":"","bgcolor":"","icon":"","payload":"","payloadType":"str","topic":"","x":320,"y":800,"wires":[["9a1b43c7.8c6fb8"]]},{"id":"9a1b43c7.8c6fb8","type":"function","z":"4d61d427.c72314","name":"","func":"var set_state = {}\n\nset_state.state = global.get(\"state\");\nset_state.request_id = global.get(\"selected_request_id_state\");\nset_state.command = \"set_state\";\n\nmsg.payload = \"'\" + JSON.stringify(set_state) + \"'\";\nreturn msg;\n\n\n\n","outputs":1,"noerr":0,"initialize":"","finalize":"","x":475,"y":800,"wires":[["88880005.cda748","4fec2f05.65f5f8"]],"l":false},{"id":"509fa0ef.ab79a8","type":"debug","z":"4d61d427.c72314","name":"stdout","active":true,"tosidebar":true,"console":false,"tostatus":false,"complete":"payload","targetType":"msg","statusVal":"","statusType":"auto","x":1030,"y":700,"wires":[]},{"id":"722b002c.5cc48","type":"debug","z":"4d61d427.c72314","name":"stderr","active":true,"tosidebar":true,"console":true,"tostatus":false,"complete":"payload","targetType":"msg","statusVal":"","statusType":"auto","x":1040,"y":780,"wires":[]},{"id":"a7c81a06.b2b4a","type":"debug","z":"4d61d427.c72314","name":"code","active":true,"tosidebar":true,"console":false,"tostatus":false,"complete":"payload","targetType":"msg","statusVal":"","statusType":"auto","x":1030,"y":820,"wires":[]},{"id":"4fec2f05.65f5f8","type":"debug","z":"4d61d427.c72314","name":"","active":true,"tosidebar":true,"console":false,"tostatus":false,"complete":"false","statusVal":"","statusType":"auto","x":570,"y":740,"wires":[]},{"id":"c2f195ac.2abcd","type":"ui_toast","z":"4d61d427.c72314","position":"dialog","displayTime":"7","highlight":"","sendall":true,"outputs":1,"ok":"OK","cancel":"","raw":false,"topic":"","name":"","x":1050,"y":740,"wires":[[]]},{"id":"f2e675e0.5b75c8","type":"function","z":"62c9f004.ef90e","name":"","func":"var create_identity = {}\n\ncreate_identity.sender_address = global.get(\"identity_business\");\ncreate_identity.command = \"create_identity\";\n\nmsg.payload = \"'\" + JSON.stringify(create_identity) + \"'\";\nreturn msg;\n\n\n\n","outputs":1,"noerr":0,"initialize":"","finalize":"","x":355,"y":340,"wires":[["b47ef116.6b541"]],"l":false},{"id":"b47ef116.6b541","type":"exec","z":"62c9f004.ef90e","command":"node procurement/js/main.js  ","addpay":true,"append":"","useSpawn":"false","timer":"","oldrc":false,"name":"","x":540,"y":340,"wires":[["b3fb52c3.917628","8511df73.aab5b8"],["59b3d370.5bad34"],["83dc6aa7.1a9d08"]]},{"id":"6f29ebda.43f304","type":"comment","z":"62c9f004.ef90e","name":"2. Authority validates business proofs","info":"","x":150,"y":500,"wires":[]},{"id":"9d282a05.583cd8","type":"ui_table","z":"62c9f004.ef90e","group":"ef5a6b54.41e34","name":"","order":2,"width":0,"height":0,"columns":[{"field":"business_addr","title":"Business Address","width":"50%","align":"left","formatter":"plaintext","formatterParams":{"target":"_blank"}},{"field":"business_name","title":"Business Name","width":"20%","align":"left","formatter":"plaintext","formatterParams":{"target":"_blank"}},{"field":"taxes","title":"Taxes","width":"15%","align":"left","formatter":"plaintext","formatterParams":{"target":"_blank"}},{"field":"employee","title":"Employee","width":"15%","align":"left","formatter":"plaintext","formatterParams":{"target":"_blank"}}],"outputs":1,"cts":true,"x":1150,"y":680,"wires":[["847da997.1b1298"]]},{"id":"9b5d7dea.c8c6a8","type":"ui_dropdown","z":"62c9f004.ef90e","name":"","label":"","tooltip":"","place":"Authority","group":"ef5a6b54.41e34","order":4,"width":"5","height":"1","passthru":true,"multiple":false,"options":[{"label":"","value":"","type":"str"}],"payload":"","topic":"","x":420,"y":600,"wires":[["382f1bfb.21b9b4","68940356.4204f4"]]},{"id":"c11c7d2a.2ba95","type":"function","z":"62c9f004.ef90e","name":"","func":"var authorities = [{\n  \"Finance Authority\": \"finance\",\n  \"Employee Authority\": \"employee\"\n}]\n\nmsg.options = authorities;\nreturn msg;","outputs":1,"noerr":0,"initialize":"","finalize":"","x":275,"y":600,"wires":[["9b5d7dea.c8c6a8"]],"l":false},{"id":"382f1bfb.21b9b4","type":"debug","z":"62c9f004.ef90e","name":"","active":true,"tosidebar":true,"console":false,"tostatus":false,"complete":"payload","targetType":"msg","statusVal":"","statusType":"auto","x":550,"y":540,"wires":[]},{"id":"68940356.4204f4","type":"function","z":"62c9f004.ef90e","name":"","func":"global.set(\"sign_authority\", msg.payload);\nreturn msg;","outputs":1,"noerr":0,"initialize":"","finalize":"","x":575,"y":600,"wires":[[]],"l":false},{"id":"2c3593f9.2df39c","type":"ui_button","z":"62c9f004.ef90e","name":"","group":"ef5a6b54.41e34","order":5,"width":"1","height":"1","passthru":false,"label":"","tooltip":"","color":"","bgcolor":"","icon":"fa-refresh","payload":"","payloadType":"str","topic":"","x":150,"y":600,"wires":[["c11c7d2a.2ba95"]]},{"id":"5a5f5c8c.c91e1c","type":"comment","z":"62c9f004.ef90e","name":"3. Submit SSI validation","info":"","x":100,"y":1160,"wires":[]},{"id":"711765de.a46b0c","type":"ui_button","z":"62c9f004.ef90e","name":"","group":"84797397.a97618","order":0,"width":0,"height":0,"passthru":false,"label":"Reveal Proof","tooltip":"","color":"","bgcolor":"","icon":"","payload":"","payloadType":"str","topic":"","x":170,"y":1300,"wires":[[]]},{"id":"400c6bf8.b83eb4","type":"ui_dropdown","z":"62c9f004.ef90e","name":"","label":"","tooltip":"","place":"Business","group":"84797397.a97618","order":1,"width":"5","height":"1","passthru":true,"multiple":false,"options":[{"label":"","value":"","type":"str"}],"payload":"","topic":"","x":420,"y":1240,"wires":[["867d2a4c.b5759","cb5ea0c6.a89ca"]]},{"id":"cc655a20.bdbb18","type":"function","z":"62c9f004.ef90e","name":"","func":"var businesses = [{\n  \"SwissMask AG\": \"0xCa2970CFb9ACF8cc30Bab4eb86fd50e6d11EEf46\",\n  \"2Care GmbH\": \"0xA2c18F1387C2fc653dC23b459B37BF0cefcD9D4A\",\n  \"Novartex\": \"0xF9159d4Bd7EEab5bbd1273b1e3D9685Dfc98042D\"\n}]\n\nmsg.options = businesses\nreturn msg;","outputs":1,"noerr":0,"initialize":"","finalize":"","x":275,"y":1240,"wires":[["400c6bf8.b83eb4"]],"l":false},{"id":"867d2a4c.b5759","type":"debug","z":"62c9f004.ef90e","name":"","active":true,"tosidebar":true,"console":false,"tostatus":false,"complete":"payload","targetType":"msg","statusVal":"","statusType":"auto","x":550,"y":1180,"wires":[]},{"id":"cb5ea0c6.a89ca","type":"function","z":"62c9f004.ef90e","name":"","func":"global.set(\"reveal_business\", msg.payload);\nreturn msg;","outputs":1,"noerr":0,"initialize":"","finalize":"","x":575,"y":1240,"wires":[[]],"l":false},{"id":"a7e83b73.ad719","type":"ui_button","z":"62c9f004.ef90e","name":"","group":"84797397.a97618","order":3,"width":"1","height":"1","passthru":false,"label":"","tooltip":"","color":"","bgcolor":"","icon":"fa-refresh","payload":"","payloadType":"str","topic":"","x":150,"y":1240,"wires":[["cc655a20.bdbb18"]]},{"id":"37f76133.d703ee","type":"ui_button","z":"62c9f004.ef90e","name":"","group":"ef5a6b54.41e34","order":6,"width":0,"height":0,"passthru":false,"label":"Sign proof","tooltip":"","color":"","bgcolor":"","icon":"","payload":"","payloadType":"str","topic":"","x":170,"y":940,"wires":[["148e13d7.d9e25c"]]},{"id":"869fad47.99c37","type":"ui_dropdown","z":"62c9f004.ef90e","name":"","label":"","tooltip":"","place":"Business","group":"7c090578.08312c","order":1,"width":"5","height":"1","passthru":true,"multiple":false,"options":[{"label":"","value":"","type":"str"}],"payload":"","topic":"","x":420,"y":160,"wires":[["f23f8173.a5fc7","d153254f.756a1"]]},{"id":"b99778d8.bfd7d8","type":"function","z":"62c9f004.ef90e","name":"","func":"var businesses = [{\n  \"SwissMask AG\": \"0xCa2970CFb9ACF8cc30Bab4eb86fd50e6d11EEf46\",\n  \"2Care GmbH\": \"0xA2c18F1387C2fc653dC23b459B37BF0cefcD9D4A\",\n  \"Novartex\": \"0xF9159d4Bd7EEab5bbd1273b1e3D9685Dfc98042D\"\n}]\n\nmsg.options = businesses\nreturn msg;","outputs":1,"noerr":0,"initialize":"","finalize":"","x":275,"y":160,"wires":[["869fad47.99c37"]],"l":false},{"id":"d153254f.756a1","type":"function","z":"62c9f004.ef90e","name":"","func":"global.set(\"identity_business\", msg.payload);\nreturn msg;","outputs":1,"noerr":0,"initialize":"","finalize":"","x":575,"y":160,"wires":[[]],"l":false},{"id":"4b834b9d.111cb4","type":"ui_button","z":"62c9f004.ef90e","name":"","group":"7c090578.08312c","order":3,"width":"1","height":"1","passthru":false,"label":"","tooltip":"","color":"","bgcolor":"","icon":"fa-refresh","payload":"","payloadType":"str","topic":"","x":150,"y":160,"wires":[["b99778d8.bfd7d8"]]},{"id":"f23f8173.a5fc7","type":"debug","z":"62c9f004.ef90e","name":"","active":true,"tosidebar":true,"console":false,"tostatus":false,"complete":"payload","targetType":"msg","statusVal":"","statusType":"auto","x":550,"y":100,"wires":[]},{"id":"9aca847f.f453e","type":"ui_text","z":"62c9f004.ef90e","group":"7c090578.08312c","order":3,"width":0,"height":0,"name":"","label":"- taxes","format":"{{msg.payload}}","layout":"row-spread","x":150,"y":220,"wires":[]},{"id":"7473a723.88cc58","type":"ui_text","z":"62c9f004.ef90e","group":"7c090578.08312c","order":3,"width":0,"height":0,"name":"","label":"- employee","format":"{{msg.payload}}","layout":"row-spread","x":170,"y":260,"wires":[]},{"id":"bb78e87b.f93598","type":"function","z":"62c9f004.ef90e","name":"","func":"var proving = {}\n\nproving.command = \"get_sign_proof\";\n\nmsg.payload = \"'\" + JSON.stringify(proving) + \"'\";\nreturn msg;\n\n","outputs":1,"noerr":0,"initialize":"","finalize":"","x":315,"y":700,"wires":[["aa401094.29b938"]],"l":false},{"id":"aa401094.29b938","type":"exec","z":"62c9f004.ef90e","command":"node procurement/js/main.js  ","addpay":true,"append":"","useSpawn":"false","timer":"","oldrc":false,"name":"","x":550,"y":700,"wires":[["691c5184.5ccca","f55880c1.d88db"],["caeed34d.63cfd"],["67ee1fd7.5990f"]]},{"id":"caeed34d.63cfd","type":"debug","z":"62c9f004.ef90e","name":"stderr","active":true,"tosidebar":true,"console":true,"tostatus":false,"complete":"payload","targetType":"msg","statusVal":"","statusType":"auto","x":860,"y":720,"wires":[]},{"id":"67ee1fd7.5990f","type":"debug","z":"62c9f004.ef90e","name":"code","active":true,"tosidebar":true,"console":false,"tostatus":false,"complete":"payload","targetType":"msg","statusVal":"","statusType":"auto","x":860,"y":760,"wires":[]},{"id":"49907173.98a36","type":"ui_button","z":"62c9f004.ef90e","name":"","group":"ef5a6b54.41e34","order":1,"width":0,"height":0,"passthru":false,"label":"Load Proofs","tooltip":"","color":"","bgcolor":"","icon":"","payload":"","payloadType":"str","topic":"","x":170,"y":700,"wires":[["bb78e87b.f93598"]]},{"id":"f55880c1.d88db","type":"function","z":"62c9f004.ef90e","name":"","func":"var result = JSON.parse(msg.payload)\nvar table_view = [] ;\nfor (i=0; i<10; i++) {\n   if(result[0][i] != \"0x0000000000000000000000000000000000000000\") {\n        if(result[0][i] == \"0xCa2970CFb9ACF8cc30Bab4eb86fd50e6d11EEf46\"){\n        table_view.push({\"business_addr\" : result[0][i], \"business_name\": \"SwissMask AG\" ,\"taxes\" : result[1][i][0], \"employee\": result[1][i][1]});\n        }\n        \n        if(result[0][i] == \"0xA2c18F1387C2fc653dC23b459B37BF0cefcD9D4A\"){\n        table_view.push({\"business_addr\" : result[0][i], \"business_name\": \"2Care GmbH\" ,\"taxes\" : result[1][i][0], \"employee\": result[1][i][1]});\n        }  \n        \n        if(result[0][i] == \"0xF9159d4Bd7EEab5bbd1273b1e3D9685Dfc98042D\" ){\n        table_view.push({\"business_addr\" : result[0][i], \"business_name\": \"Novartex\" ,\"taxes\" : result[1][i][0], \"employee\": result[1][i][1]});\n        }  \n      \n   }\n    \n}\nmsg.payload = table_view;\n\nreturn msg;","outputs":1,"noerr":0,"initialize":"","finalize":"","x":1000,"y":680,"wires":[["d51085e4.f8fde","9d282a05.583cd8"]]},{"id":"691c5184.5ccca","type":"debug","z":"62c9f004.ef90e","name":"stdout","active":true,"tosidebar":true,"console":false,"tostatus":false,"complete":"payload","targetType":"msg","statusVal":"","statusType":"auto","x":990,"y":640,"wires":[]},{"id":"d51085e4.f8fde","type":"debug","z":"62c9f004.ef90e","name":"","active":true,"tosidebar":true,"console":false,"tostatus":false,"complete":"payload","targetType":"msg","statusVal":"","statusType":"auto","x":1160,"y":620,"wires":[]},{"id":"b2140b48.e618f","type":"ui_text","z":"62c9f004.ef90e","group":"ef5a6b54.41e34","order":3,"width":0,"height":0,"name":"","label":"Business selected: ","format":"{{msg.payload}}","layout":"row-left","x":1270,"y":760,"wires":[]},{"id":"847da997.1b1298","type":"function","z":"62c9f004.ef90e","name":"","func":"var selected_business = msg.payload.business_name;\n\nglobal.set(\"to_sign_identity\", msg.payload.business_addr);\n\nmsg.payload = selected_business;\n\nreturn msg;","outputs":1,"noerr":0,"initialize":"","finalize":"","x":1115,"y":760,"wires":[["b2140b48.e618f"]],"l":false},{"id":"4f4171d6.3f64e","type":"debug","z":"62c9f004.ef90e","name":"stdout","active":true,"tosidebar":true,"console":false,"tostatus":false,"complete":"payload","targetType":"msg","statusVal":"","statusType":"auto","x":750,"y":900,"wires":[]},{"id":"a00af354.8877c","type":"debug","z":"62c9f004.ef90e","name":"stderr","active":true,"tosidebar":true,"console":true,"tostatus":false,"complete":"payload","targetType":"msg","statusVal":"","statusType":"auto","x":760,"y":940,"wires":[]},{"id":"246e121b.281ac6","type":"debug","z":"62c9f004.ef90e","name":"code","active":true,"tosidebar":true,"console":false,"tostatus":false,"complete":"payload","targetType":"msg","statusVal":"","statusType":"auto","x":751,"y":980,"wires":[]},{"id":"6b23decb.7440a8","type":"ui_toast","z":"62c9f004.ef90e","position":"dialog","displayTime":"7","highlight":"","sendall":true,"outputs":1,"ok":"OK","cancel":"","raw":false,"topic":"","name":"","x":790,"y":860,"wires":[[]]},{"id":"148e13d7.d9e25c","type":"function","z":"62c9f004.ef90e","name":"","func":"var set_sign_proof = {}\n\nset_sign_proof.authority = global.get(\"sign_authority\");\nset_sign_proof.business_address = global.get(\"to_sign_identity\");\nset_sign_proof.command = \"set_sign_proof\";\n\nmsg.payload = \"'\" + JSON.stringify(set_sign_proof) + \"'\";\nreturn msg;\n\n\n\n","outputs":1,"noerr":0,"initialize":"","finalize":"","x":335,"y":940,"wires":[["efe8e5cc.6f48c8","4879162d.bd96e8"]],"l":false},{"id":"efe8e5cc.6f48c8","type":"exec","z":"62c9f004.ef90e","command":"node procurement/js/main.js  ","addpay":true,"append":"","useSpawn":"false","timer":"","oldrc":false,"name":"","x":540,"y":940,"wires":[["4f4171d6.3f64e","6b23decb.7440a8"],["a00af354.8877c"],["246e121b.281ac6"]]},{"id":"4879162d.bd96e8","type":"debug","z":"62c9f004.ef90e","name":"","active":true,"tosidebar":true,"console":false,"tostatus":false,"complete":"payload","targetType":"msg","statusVal":"","statusType":"auto","x":470,"y":1020,"wires":[]}]