[{"id":"cccf3ba9.5025b8","type":"tab","label":"procurement","disabled":false,"info":""},{"id":"7017175e.1de478","type":"inject","z":"cccf3ba9.5025b8","name":"","props":[{"p":"payload"},{"p":"topic","vt":"str"}],"repeat":"","crontab":"","once":false,"onceDelay":0.1,"topic":"","payload":"","payloadType":"date","x":160,"y":200,"wires":[["adf1d1f2.659b6"]]},{"id":"adf1d1f2.659b6","type":"function","z":"cccf3ba9.5025b8","name":"","func":"var request = {\n  \"request_id\": \"a9z5fe7230\",\n  \"proposer\": \"Health Departement\",\n  \"category\": \"public health\",\n  \"title\": \"Masks FFP2\",\n  \"description\": \"Masks on stock for ongoing pnademic\",\n  \"amount\": 10000000,\n  \"max_costs\": 500000,\n  //\"delivery_date\": \"2020-12-18\",\n  \"delivery_date\": 1608335999,\n  //\"bidding_start\": \"2020-10-01\",\n  //\"bidding_end\": \"2020-10-15\",\n  \"bidding_depot\": 5,\n  \"equipment_requirements\": {\n  \"filtration_percentage\": 94,\n  \"leak_rate\": 8,\n  \"color\": \"white\"\n  }\n}\n\nmsg.payload = request;\n\nreturn msg;","outputs":1,"noerr":0,"initialize":"","finalize":"","x":275,"y":200,"wires":[["efc835d7.3dc858","3b0d84b0.0c1504"]],"l":false},{"id":"efc835d7.3dc858","type":"debug","z":"cccf3ba9.5025b8","name":"","active":true,"tosidebar":true,"console":false,"tostatus":false,"complete":"false","statusVal":"","statusType":"auto","x":390,"y":100,"wires":[]},{"id":"28d9a84f.bfd1f","type":"ui_dropdown","z":"cccf3ba9.5025b8","name":"","label":"","tooltip":"","place":"Business","group":"74bdf448.5394ac","order":2,"width":0,"height":0,"passthru":true,"multiple":false,"options":[{"label":"","value":"","type":"str"}],"payload":"","topic":"","x":400,"y":420,"wires":[["ca87c856.86a428","176988dd.1e7067"]]},{"id":"dc19ce7e.47e02","type":"function","z":"cccf3ba9.5025b8","name":"","func":"var businesses = [{\n  \"SwissMask AG\": \"0xCa2970CFb9ACF8cc30Bab4eb86fd50e6d11EEf46\",\n  \"2Care GmbH\": \"0xA2c18F1387C2fc653dC23b459B37BF0cefcD9D4A\",\n  \"Novartex\": \"0xF9159d4Bd7EEab5bbd1273b1e3D9685Dfc98042D\"\n}]\n\nmsg.options = businesses\nreturn msg;","outputs":1,"noerr":0,"initialize":"","finalize":"","x":255,"y":420,"wires":[["28d9a84f.bfd1f"]],"l":false},{"id":"ca87c856.86a428","type":"debug","z":"cccf3ba9.5025b8","name":"","active":true,"tosidebar":true,"console":false,"tostatus":false,"complete":"false","statusVal":"","statusType":"auto","x":530,"y":360,"wires":[]},{"id":"2ad1d80d.feb5d","type":"ui_button","z":"cccf3ba9.5025b8","name":"","group":"74bdf448.5394ac","order":1,"width":0,"height":0,"passthru":false,"label":"refresh","tooltip":"","color":"","bgcolor":"","icon":"","payload":"","payloadType":"str","topic":"","x":140,"y":420,"wires":[["dc19ce7e.47e02","6daeaaa7.f60f9c"]]},{"id":"176988dd.1e7067","type":"function","z":"cccf3ba9.5025b8","name":"","func":"global.set(\"bidding_business\", msg.payload);\nreturn msg;","outputs":1,"noerr":0,"initialize":"","finalize":"","x":555,"y":420,"wires":[[]],"l":false},{"id":"e5d70bbd.c24b18","type":"ui_form","z":"cccf3ba9.5025b8","name":"","label":"","group":"74bdf448.5394ac","order":6,"width":0,"height":0,"options":[{"label":"Proposal ID","value":"proposal_id","type":"text","required":true,"rows":null},{"label":"Offering Price","value":"offering_price","type":"text","required":true,"rows":null},{"label":"Proposal Hash","value":"proposal_hash","type":"text","required":true,"rows":null}],"formValue":{"proposal_id":"","offering_price":"","proposal_hash":""},"payload":"","submit":"submit","cancel":"cancel","topic":"","x":130,"y":660,"wires":[["c637845f.c29758"]]},{"id":"b32f6df8.6b049","type":"debug","z":"cccf3ba9.5025b8","name":"","active":true,"tosidebar":true,"console":false,"tostatus":false,"complete":"false","statusVal":"","statusType":"auto","x":390,"y":620,"wires":[]},{"id":"a92d52a4.6f3cd8","type":"comment","z":"cccf3ba9.5025b8","name":"Bidding TimeStamp","info":"Zeitpunkt für Ablauf:\nstartdatum + 14 Tage\n\nDatumsfeld implementieren, damit man vor und zurück springen kann. Oder einfach knopf zum simulieren, dass zeit abgelaufen ist.","x":170,"y":460,"wires":[]},{"id":"c637845f.c29758","type":"function","z":"cccf3ba9.5025b8","name":"","func":"var input = msg.payload;\n\n//input.id = 1;\ninput.addr = global.get(\"bidding_business\");\ninput.request_id = global.get(\"selected_request_id\");\n\nmsg.payload = input;\nreturn msg;","outputs":1,"noerr":0,"initialize":"","finalize":"","x":295,"y":660,"wires":[["b32f6df8.6b049","443c9885.de9df8"]],"l":false},{"id":"48245b18.f8de24","type":"comment","z":"cccf3ba9.5025b8","name":"ID überlegung","info":"aktuelle Proposal ID in Blockchain speichern und von dort holen, dann +1\n","x":150,"y":700,"wires":[]},{"id":"b2dba0ee.f45d8","type":"comment","z":"cccf3ba9.5025b8","name":"1. Request by government","info":"","x":170,"y":60,"wires":[]},{"id":"d37be0fa.a96b2","type":"comment","z":"cccf3ba9.5025b8","name":"2. Bidding by businesses","info":"","x":190,"y":320,"wires":[]},{"id":"97836a79.9e43c8","type":"comment","z":"cccf3ba9.5025b8","name":"3. Requirement validation","info":"","x":190,"y":800,"wires":[]},{"id":"443c9885.de9df8","type":"function","z":"cccf3ba9.5025b8","name":"","func":"\nreturn msg;","outputs":1,"noerr":0,"initialize":"","finalize":"","x":140,"y":860,"wires":[[]]},{"id":"ebd2b7b0.f356a8","type":"ui_dropdown","z":"cccf3ba9.5025b8","name":"","label":"","tooltip":"","place":"Request","group":"74bdf448.5394ac","order":2,"width":0,"height":0,"passthru":true,"multiple":false,"options":[{"label":"","value":"","type":"str"}],"payload":"","topic":"","x":400,"y":520,"wires":[["b97a68b0.2834d","a6cd78a5.ddce5"]]},{"id":"6daeaaa7.f60f9c","type":"function","z":"cccf3ba9.5025b8","name":"","func":"var businesses = [{\n  \"Masks FFP2\": \"a9z5fe7230\"\n}]\n\nmsg.options = businesses\nreturn msg;","outputs":1,"noerr":0,"initialize":"","finalize":"","x":255,"y":520,"wires":[["ebd2b7b0.f356a8"]],"l":false},{"id":"b97a68b0.2834d","type":"debug","z":"cccf3ba9.5025b8","name":"","active":true,"tosidebar":true,"console":false,"tostatus":false,"complete":"false","statusVal":"","statusType":"auto","x":530,"y":460,"wires":[]},{"id":"a6cd78a5.ddce5","type":"function","z":"cccf3ba9.5025b8","name":"","func":"global.set(\"selected_request_id\", msg.payload);\nreturn msg;","outputs":1,"noerr":0,"initialize":"","finalize":"","x":555,"y":520,"wires":[[]],"l":false},{"id":"a833b30a.857df8","type":"comment","z":"cccf3ba9.5025b8","name":"","info":"Proposal_id ist eindeutige id von anfang bis am schluss\n\ndie verschiednene nachweisdokumente hochladen, hash erzeugen und lokal/ipfs speichern, und auf proposal ID linken. In externer DB eingaben prüfen. Wenn true -> weiter\nWenn false -> wähle den 2. billigsten","x":400,"y":800,"wires":[]},{"id":"ae3dcd19.90ab78","type":"comment","z":"cccf3ba9.5025b8","name":"4. Order","info":"","x":140,"y":960,"wires":[]},{"id":"9dc1d01f.80e7d","type":"comment","z":"cccf3ba9.5025b8","name":"","info":"","x":150,"y":1000,"wires":[]},{"id":"5d3cf1cb.24d63","type":"exec","z":"cccf3ba9.5025b8","command":"node procurement/js/main.js  ","addpay":true,"append":"","useSpawn":"false","timer":"","oldrc":false,"name":"","x":840,"y":200,"wires":[["ac8c1685.850db"],["5289568.116eba8"],["fac01909.4f58d8"]]},{"id":"ac8c1685.850db","type":"debug","z":"cccf3ba9.5025b8","name":"stdout","active":true,"tosidebar":true,"console":false,"tostatus":false,"complete":"payload","targetType":"msg","statusVal":"","statusType":"auto","x":1130,"y":120,"wires":[]},{"id":"5289568.116eba8","type":"debug","z":"cccf3ba9.5025b8","name":"stderr","active":true,"tosidebar":true,"console":true,"tostatus":false,"complete":"payload","targetType":"msg","statusVal":"","statusType":"auto","x":1140,"y":160,"wires":[]},{"id":"fac01909.4f58d8","type":"debug","z":"cccf3ba9.5025b8","name":"code","active":true,"tosidebar":true,"console":false,"tostatus":false,"complete":"payload","targetType":"msg","statusVal":"","statusType":"auto","x":1130,"y":200,"wires":[]},{"id":"3b0d84b0.0c1504","type":"function","z":"cccf3ba9.5025b8","name":"","func":"var request = msg.payload;\n\nrequest.command = \"add_request\";\n\nmsg.payload = \"'\" + JSON.stringify(request) + \"'\";\nreturn msg;","outputs":1,"noerr":0,"initialize":"","finalize":"","x":495,"y":200,"wires":[["5d3cf1cb.24d63"]],"l":false},{"id":"b3c25e72.ee2c1","type":"comment","z":"cccf3ba9.5025b8","name":"Create Object","info":"","x":330,"y":160,"wires":[]},{"id":"cfa2d881.a14db","type":"comment","z":"cccf3ba9.5025b8","name":"Define Action add","info":"(addrequest_blockchain)","x":560,"y":160,"wires":[]},{"id":"ade34ee8.6c8a6","type":"inject","z":"cccf3ba9.5025b8","name":"","props":[{"p":"payload"},{"p":"topic","vt":"str"}],"repeat":"","crontab":"","once":false,"onceDelay":0.1,"topic":"","payload":"","payloadType":"date","x":830,"y":380,"wires":[["6b24d1cb.01a3b8"]]},{"id":"a758b62.d3060c8","type":"exec","z":"cccf3ba9.5025b8","command":"node procurement/js/main.js  ","addpay":true,"append":"","useSpawn":"false","timer":"","oldrc":false,"name":"","x":1160,"y":380,"wires":[["644672ab.651bf4"],["4db9fcc5.5ec234"],["520229b9.3e92f"]]},{"id":"6b24d1cb.01a3b8","type":"function","z":"cccf3ba9.5025b8","name":"","func":"var request = {\n  \"request_id\": \"a9z5fe7230\",\n  \"command\": \"get_request\"\n}\nmsg.payload = \"'\" + JSON.stringify(request) + \"'\";\nreturn msg;","outputs":1,"noerr":0,"initialize":"","finalize":"","x":955,"y":380,"wires":[["a758b62.d3060c8"]],"l":false},{"id":"644672ab.651bf4","type":"debug","z":"cccf3ba9.5025b8","name":"stdout","active":true,"tosidebar":true,"console":false,"tostatus":false,"complete":"payload","targetType":"msg","statusVal":"","statusType":"auto","x":1390,"y":340,"wires":[]},{"id":"4db9fcc5.5ec234","type":"debug","z":"cccf3ba9.5025b8","name":"stderr","active":true,"tosidebar":true,"console":true,"tostatus":false,"complete":"payload","targetType":"msg","statusVal":"","statusType":"auto","x":1400,"y":380,"wires":[]},{"id":"520229b9.3e92f","type":"debug","z":"cccf3ba9.5025b8","name":"code","active":true,"tosidebar":true,"console":false,"tostatus":false,"complete":"payload","targetType":"msg","statusVal":"","statusType":"auto","x":1390,"y":420,"wires":[]},{"id":"74bdf448.5394ac","type":"ui_group","z":"","name":"Bids","tab":"13dac91a.28f13f","order":1,"disp":true,"width":"6","collapse":false},{"id":"13dac91a.28f13f","type":"ui_tab","z":"","name":"Bidding","icon":"dashboard","order":1,"disabled":false,"hidden":false}]