[{"id":"7a114242.72aeb4","type":"tab","label":"procurement","disabled":false,"info":""},{"id":"e3d4b16a.e0407","type":"inject","z":"7a114242.72aeb4","name":"","props":[{"p":"payload"},{"p":"topic","vt":"str"}],"repeat":"","crontab":"","once":false,"onceDelay":0.1,"topic":"","payload":"","payloadType":"date","x":160,"y":200,"wires":[["4ed9af50.f34e38"]]},{"id":"4ed9af50.f34e38","type":"function","z":"7a114242.72aeb4","name":"","func":"var request = {\n  \"request_id\": \"a9z5fe7230\",\n  \"proposer\": \"Health Departement\",\n  \"category\": \"public health\",\n  \"title\": \"Masks FFP2\",\n  \"description\": \"Masks on stock for ongoing pnademic\",\n  \"amount\": 10000000,\n  \"max_costs\": 500000,\n  \"delivery_date\": \"2020-12-18\",\n  \"bidding_depot\": 5,\n  \"equipment_requirements\": {\n  \"filtration_percentage\": 94,\n  \"leak_rate\": 8,\n  \"color\": \"white\"\n  }\n}\n\nmsg.payload = request\nreturn msg;","outputs":1,"noerr":0,"initialize":"","finalize":"","x":275,"y":200,"wires":[["2d84437d.2a2b1c"]],"l":false},{"id":"2d84437d.2a2b1c","type":"debug","z":"7a114242.72aeb4","name":"","active":true,"tosidebar":true,"console":false,"tostatus":false,"complete":"false","statusVal":"","statusType":"auto","x":390,"y":100,"wires":[]},{"id":"18a7e8fe.29f5ef","type":"ui_dropdown","z":"7a114242.72aeb4","name":"","label":"","tooltip":"","place":"Business","group":"9e1c272b.3faf7","order":2,"width":0,"height":0,"passthru":true,"multiple":false,"options":[{"label":"","value":"","type":"str"}],"payload":"","topic":"","x":400,"y":420,"wires":[["96eea3cc.a602b8","b955142a.bd16c8"]]},{"id":"2e63efb4.10374","type":"function","z":"7a114242.72aeb4","name":"","func":"var businesses = [{\n  \"SwissMask AG [0x..Ef46]\": \"0xCa2970CFb9ACF8cc30Bab4eb86fd50e6d11EEf46\",\n  \"2Care GmbH [0x..9D4A]\": \"0xA2c18F1387C2fc653dC23b459B37BF0cefcD9D4A\",\n  \"Novartex [0x..042D]\": \"0xF9159d4Bd7EEab5bbd1273b1e3D9685Dfc98042D\"\n}]\n\nmsg.options = businesses\nreturn msg;","outputs":1,"noerr":0,"initialize":"","finalize":"","x":255,"y":420,"wires":[["18a7e8fe.29f5ef"]],"l":false},{"id":"96eea3cc.a602b8","type":"debug","z":"7a114242.72aeb4","name":"","active":true,"tosidebar":true,"console":false,"tostatus":false,"complete":"false","statusVal":"","statusType":"auto","x":530,"y":360,"wires":[]},{"id":"5364f24e.ff6f3c","type":"ui_button","z":"7a114242.72aeb4","name":"","group":"9e1c272b.3faf7","order":1,"width":0,"height":0,"passthru":false,"label":"refresh","tooltip":"","color":"","bgcolor":"","icon":"","payload":"","payloadType":"str","topic":"","x":140,"y":420,"wires":[["2e63efb4.10374","4521d2f5.340cec"]]},{"id":"b955142a.bd16c8","type":"function","z":"7a114242.72aeb4","name":"","func":"global.set(\"bidding_business\", msg.payload);\nreturn msg;","outputs":1,"noerr":0,"initialize":"","finalize":"","x":555,"y":420,"wires":[[]],"l":false},{"id":"9095bdf8.10138","type":"ui_form","z":"7a114242.72aeb4","name":"","label":"","group":"9e1c272b.3faf7","order":6,"width":0,"height":0,"options":[{"label":"tempID","value":"proposal_id","type":"text","required":true,"rows":null},{"label":"Offering Price","value":"offering_price","type":"text","required":true,"rows":null},{"label":"Offer Hash (Doc.)","value":"offer_hash","type":"text","required":true,"rows":null}],"formValue":{"proposal_id":"","offering_price":"","offer_hash":""},"payload":"","submit":"submit","cancel":"cancel","topic":"","x":130,"y":660,"wires":[["7c210ea4.77b61"]]},{"id":"82308432.1e4d08","type":"debug","z":"7a114242.72aeb4","name":"","active":true,"tosidebar":true,"console":false,"tostatus":false,"complete":"false","statusVal":"","statusType":"auto","x":390,"y":620,"wires":[]},{"id":"f6c771df.0d13e8","type":"comment","z":"7a114242.72aeb4","name":"Bidding TimeStamp","info":"Zeitpunkt für Ablauf:\nstartdatum + 14 Tage\n\nDatumsfeld implementieren, damit man vor und zurück springen kann. Oder einfach knopf zum simulieren, dass zeit abgelaufen ist.","x":170,"y":460,"wires":[]},{"id":"7c210ea4.77b61","type":"function","z":"7a114242.72aeb4","name":"","func":"var input = msg.payload;\n\n//input.id = 1;\ninput.addr = global.get(\"bidding_business\");\ninput.request_id = global.get(\"selected_request_id\");\n\nmsg.payload = input;\nreturn msg;","outputs":1,"noerr":0,"initialize":"","finalize":"","x":295,"y":660,"wires":[["82308432.1e4d08","52113962.75ed6"]],"l":false},{"id":"97f7bf0f.1e0a28","type":"comment","z":"7a114242.72aeb4","name":"ID überlegung","info":"aktuelle ID in Blockchain speichern und von dort holen, dann +1\n\nOffer Hash im Form -->  Doc upload und hash erzeugen\n","x":150,"y":700,"wires":[]},{"id":"78db00a1.d55648","type":"comment","z":"7a114242.72aeb4","name":"1. Request by government","info":"","x":170,"y":60,"wires":[]},{"id":"48cc720d.57b62c","type":"comment","z":"7a114242.72aeb4","name":"2. Bidding by businesses","info":"","x":190,"y":320,"wires":[]},{"id":"a327f499.71215","type":"comment","z":"7a114242.72aeb4","name":"3. Requirement validation","info":"","x":190,"y":800,"wires":[]},{"id":"52113962.75ed6","type":"function","z":"7a114242.72aeb4","name":"","func":"\nreturn msg;","outputs":1,"noerr":0,"initialize":"","finalize":"","x":140,"y":860,"wires":[[]]},{"id":"e4292c44.0b5a88","type":"ui_dropdown","z":"7a114242.72aeb4","name":"","label":"","tooltip":"","place":"Request","group":"9e1c272b.3faf7","order":2,"width":0,"height":0,"passthru":true,"multiple":false,"options":[{"label":"","value":"","type":"str"}],"payload":"","topic":"","x":400,"y":520,"wires":[["c5810004.9820e","fb41c5ba.a626f"]]},{"id":"4521d2f5.340cec","type":"function","z":"7a114242.72aeb4","name":"","func":"var businesses = [{\n  \"Masks FFP2\": \"a9z5fe7230\"\n}]\n\nmsg.options = businesses\nreturn msg;","outputs":1,"noerr":0,"initialize":"","finalize":"","x":255,"y":520,"wires":[["e4292c44.0b5a88"]],"l":false},{"id":"c5810004.9820e","type":"debug","z":"7a114242.72aeb4","name":"","active":true,"tosidebar":true,"console":false,"tostatus":false,"complete":"false","statusVal":"","statusType":"auto","x":530,"y":460,"wires":[]},{"id":"fb41c5ba.a626f","type":"function","z":"7a114242.72aeb4","name":"","func":"global.set(\"selected_request_id\", msg.payload);\nreturn msg;","outputs":1,"noerr":0,"initialize":"","finalize":"","x":555,"y":520,"wires":[[]],"l":false},{"id":"2aa7ffbd.3423d","type":"comment","z":"7a114242.72aeb4","name":"","info":"Proposal_id ist eindeutige id von anfang bis am schluss\n\ndie verschiednene nachweisdokumente hochladen, hash erzeugen und lokal/ipfs speichern, und auf proposal ID linken. In externer DB eingaben prüfen. Wenn true -> weiter\nWenn false -> wähle den 2. billigsten\n\nNeues Depot als Versicherung/Sanktion Depot anlegen. % von Auftrag, Business zahlt in Depot ein. ","x":400,"y":800,"wires":[]},{"id":"4e4199e2.39eed","type":"comment","z":"7a114242.72aeb4","name":"4. Order","info":"","x":140,"y":960,"wires":[]},{"id":"ce63c760.020288","type":"ui_button","z":"7a114242.72aeb4","name":"","group":"47963fe4.f6b49","order":0,"width":0,"height":0,"passthru":false,"label":"button","tooltip":"","color":"","bgcolor":"","icon":"","payload":"","payloadType":"str","topic":"","x":130,"y":1060,"wires":[[]]},{"id":"a8dfda63.e4355","type":"ui_form","z":"7a114242.72aeb4","name":"","label":"","group":"b996c9aa.a9cf1","order":0,"width":0,"height":0,"options":[{"label":"Amount Delivered","value":"amount_delivered","type":"text","required":true,"rows":null},{"label":"Quality Assured","value":"quality_ok","type":"checkbox","required":false,"rows":null},{"label":"Quality defective","value":"quality_not_ok","type":"checkbox","required":false,"rows":null}],"formValue":{"amount_delivered":"","quality_ok":false,"quality_not_ok":false},"payload":"","submit":"submit","cancel":"cancel","topic":"","x":130,"y":1220,"wires":[[]]},{"id":"6f956cf4.c69eb4","type":"comment","z":"7a114242.72aeb4","name":"SC auslesen","info":"Und Status àndern ","x":250,"y":1040,"wires":[]},{"id":"5eef5e36.4ec1a8","type":"comment","z":"7a114242.72aeb4","name":"To Do","info":"Status ändern, wenn volle Lieferung, ansonsten volle Lieferung über Zeitspanne X abwarten. Sonst Sanktion, auch wenn Qualität nicht stimmt. \nRandom prüfen","x":250,"y":1200,"wires":[]},{"id":"152ecd52.292213","type":"comment","z":"7a114242.72aeb4","name":"5. Delivery","info":"","x":140,"y":1160,"wires":[]},{"id":"ee829029.4d35c","type":"comment","z":"7a114242.72aeb4","name":"6. Validation by third party","info":"Wird Random ausgewählt ob es geprèft wird oder nicht. \n\n Wenn ja: Zuf£llig aus MA Pool jemand zum Validieren auffordern. Dieser muss via PK signieren. \n \n Wenn nicht ok: Neuer Status in der Chain -> Eskalation. Chef muss signieren. Korruprtion festgestellt. ","x":190,"y":1280,"wires":[]},{"id":"6ef1e4f2.d6585c","type":"comment","z":"7a114242.72aeb4","name":"","info":"Wird Random ausgewählt ob es geprèft wird oder nicht. \n\n Wenn ja: Zuf£llig aus MA Pool jemand zum Validieren auffordern. Dieser muss via PK signieren. \n \n Wenn nicht ok: Neuer Status in der Chain -> Eskalation. Chef muss signieren. Korruprtion festgestellt. ","x":170,"y":1340,"wires":[]},{"id":"33ba3fc1.f2b33","type":"comment","z":"7a114242.72aeb4","name":"","info":"constructor() public{\n        greeting = \"hello\";\n    }\n    \n    so könnte man eine einmalige ID erstellen lassen und bei jeder Vertragsestellung eindeutig via Solidity Contract zuordnen. ","x":850,"y":440,"wires":[]},{"id":"9e1c272b.3faf7","type":"ui_group","z":"","name":"Bids","tab":"75ce5a1.43e6c24","order":1,"disp":true,"width":"6","collapse":false},{"id":"47963fe4.f6b49","type":"ui_group","z":"","name":"Order","tab":"e8f4710c.56a6d","order":1,"disp":true,"width":"6","collapse":false},{"id":"b996c9aa.a9cf1","type":"ui_group","z":"","name":"Delivery","tab":"e8f4710c.56a6d","order":2,"disp":true,"width":"6","collapse":false},{"id":"75ce5a1.43e6c24","type":"ui_tab","z":"","name":"Bidding","icon":"dashboard","order":1,"disabled":false,"hidden":false},{"id":"e8f4710c.56a6d","type":"ui_tab","z":"","name":"Order & Delivery","icon":"dashboard","disabled":false,"hidden":false}]