[{"id":"dda1fca1.30c2b8","type":"tab","label":"procurement","disabled":false,"info":""},{"id":"cca10030.5abc88","type":"ui_group","z":"","name":"Bids","tab":"8c2ad4bc.f4031","order":2,"disp":true,"width":8,"collapse":false},{"id":"8c2ad4bc.f4031","type":"ui_tab","z":"","name":"Bidding","icon":"dashboard","order":1,"disabled":false,"hidden":false},{"id":"10a1b3e9.cda624","type":"ui_base","theme":{"name":"theme-light","lightTheme":{"default":"#0094CE","baseColor":"#0094CE","baseFont":"-apple-system,BlinkMacSystemFont,Segoe UI,Roboto,Oxygen-Sans,Ubuntu,Cantarell,Helvetica Neue,sans-serif","edited":true,"reset":false},"darkTheme":{"default":"#097479","baseColor":"#097479","baseFont":"-apple-system,BlinkMacSystemFont,Segoe UI,Roboto,Oxygen-Sans,Ubuntu,Cantarell,Helvetica Neue,sans-serif","edited":false},"customTheme":{"name":"Untitled Theme 1","default":"#4B7930","baseColor":"#4B7930","baseFont":"-apple-system,BlinkMacSystemFont,Segoe UI,Roboto,Oxygen-Sans,Ubuntu,Cantarell,Helvetica Neue,sans-serif"},"themeState":{"base-color":{"default":"#0094CE","value":"#0094CE","edited":false},"page-titlebar-backgroundColor":{"value":"#0094CE","edited":false},"page-backgroundColor":{"value":"#fafafa","edited":false},"page-sidebar-backgroundColor":{"value":"#ffffff","edited":false},"group-textColor":{"value":"#1bbfff","edited":false},"group-borderColor":{"value":"#ffffff","edited":false},"group-backgroundColor":{"value":"#ffffff","edited":false},"widget-textColor":{"value":"#111111","edited":false},"widget-backgroundColor":{"value":"#0094ce","edited":false},"widget-borderColor":{"value":"#ffffff","edited":false},"base-font":{"value":"-apple-system,BlinkMacSystemFont,Segoe UI,Roboto,Oxygen-Sans,Ubuntu,Cantarell,Helvetica Neue,sans-serif"}},"angularTheme":{"primary":"indigo","accents":"blue","warn":"red","background":"grey"}},"site":{"name":"Node-RED Dashboard","hideToolbar":"false","allowSwipe":"false","lockMenu":"false","allowTempTheme":"true","dateFormat":"DD/MM/YYYY","sizes":{"sx":48,"sy":48,"gx":6,"gy":6,"cx":6,"cy":6,"px":0,"py":0}}},{"id":"e41fa7d1.8fcad8","type":"ui_group","z":"","name":"Request","tab":"8c2ad4bc.f4031","order":1,"disp":true,"width":4,"collapse":false},{"id":"54e6855f.783c4c","type":"ui_group","z":"","name":"Set State","tab":"8c2ad4bc.f4031","order":3,"disp":true,"width":"6","collapse":false},{"id":"2b73607d.571328","type":"ui_group","z":"","name":"Get State","tab":"8c2ad4bc.f4031","order":4,"disp":true,"width":"6","collapse":false},{"id":"ea059af6.6b0f38","type":"ui_group","z":"","name":"Get Proposals","tab":"8c2ad4bc.f4031","order":5,"disp":true,"width":"6","collapse":false},{"id":"aa3626b3.4fd2a8","type":"inject","z":"dda1fca1.30c2b8","name":"","props":[{"p":"payload"},{"p":"topic","vt":"str"}],"repeat":"","crontab":"","once":false,"onceDelay":0.1,"topic":"","payload":"","payloadType":"date","x":160,"y":200,"wires":[["6f66520f.9f94c4"]]},{"id":"6f66520f.9f94c4","type":"function","z":"dda1fca1.30c2b8","name":"","func":"var request = {\n  \"request_id\": \"a9z5fe7230\",\n  \"proposer\": \"Health Departement\",\n  \"category\": \"public health\",\n  \"title\": \"Masks FFP2\",\n  \"description\": \"Masks on stock for ongoing pnademic\",\n  \"amount\": 10000000,\n  \"max_costs\": 500000,\n  //\"delivery_date\": \"2020-12-18\",\n  \"delivery_date\": 1608335999,\n  //\"bidding_start\": \"2020-10-01\",\n  //\"bidding_end\": \"2020-10-15\",\n  \"bidding_depot\": 5,\n  \"equipment_requirements\": {\n  \"filtration_percentage\": 94,\n  \"leak_rate\": 8,\n  \"color\": \"white\"\n  }\n}\n\nmsg.payload = request;\n\nreturn msg;","outputs":1,"noerr":0,"initialize":"","finalize":"","x":275,"y":200,"wires":[["6e6c6bc6.f6b774","b25b4ceb.444a4"]],"l":false},{"id":"6e6c6bc6.f6b774","type":"debug","z":"dda1fca1.30c2b8","name":"","active":true,"tosidebar":true,"console":false,"tostatus":false,"complete":"false","statusVal":"","statusType":"auto","x":390,"y":100,"wires":[]},{"id":"d97df8d8.4096c8","type":"ui_dropdown","z":"dda1fca1.30c2b8","name":"","label":"","tooltip":"","place":"Business","group":"cca10030.5abc88","order":2,"width":0,"height":0,"passthru":true,"multiple":false,"options":[{"label":"","value":"","type":"str"}],"payload":"","topic":"","x":400,"y":580,"wires":[["19eafc17.b5557c","820bc9ef.4aacb8"]]},{"id":"c67aad94.2b1f3","type":"function","z":"dda1fca1.30c2b8","name":"","func":"var businesses = [{\n  \"SwissMask AG\": \"0xCa2970CFb9ACF8cc30Bab4eb86fd50e6d11EEf46\",\n  \"2Care GmbH\": \"0xA2c18F1387C2fc653dC23b459B37BF0cefcD9D4A\",\n  \"Novartex\": \"0xF9159d4Bd7EEab5bbd1273b1e3D9685Dfc98042D\"\n}]\n\nmsg.options = businesses\nreturn msg;","outputs":1,"noerr":0,"initialize":"","finalize":"","x":255,"y":580,"wires":[["d97df8d8.4096c8"]],"l":false},{"id":"19eafc17.b5557c","type":"debug","z":"dda1fca1.30c2b8","name":"","active":true,"tosidebar":true,"console":false,"tostatus":false,"complete":"payload","targetType":"msg","statusVal":"","statusType":"auto","x":530,"y":520,"wires":[]},{"id":"97a1ad03.9a56d","type":"ui_button","z":"dda1fca1.30c2b8","name":"","group":"cca10030.5abc88","order":1,"width":0,"height":0,"passthru":false,"label":"Refresh","tooltip":"","color":"","bgcolor":"","icon":"","payload":"","payloadType":"str","topic":"","x":140,"y":580,"wires":[["c67aad94.2b1f3","29e986f1.a8e1ca"]]},{"id":"820bc9ef.4aacb8","type":"function","z":"dda1fca1.30c2b8","name":"","func":"global.set(\"bidding_business\", msg.payload);\nreturn msg;","outputs":1,"noerr":0,"initialize":"","finalize":"","x":555,"y":580,"wires":[[]],"l":false},{"id":"6a2d1269.690654","type":"ui_form","z":"dda1fca1.30c2b8","name":"","label":"","group":"cca10030.5abc88","order":4,"width":0,"height":0,"options":[{"label":"Bidding Hash","value":"bidding_hash","type":"text","required":true,"rows":null},{"label":"Offer Hash","value":"offer_hash","type":"text","required":true,"rows":null}],"formValue":{"bidding_hash":"","offer_hash":""},"payload":"","submit":"submit","cancel":"cancel","topic":"","x":770,"y":520,"wires":[["df77ba0.bb73dc8"]]},{"id":"f093292e.72974","type":"debug","z":"dda1fca1.30c2b8","name":"","active":true,"tosidebar":true,"console":false,"tostatus":false,"complete":"payload","targetType":"msg","statusVal":"","statusType":"auto","x":1030,"y":480,"wires":[]},{"id":"322f13f2.0e8c1c","type":"comment","z":"dda1fca1.30c2b8","name":"ToDo: Bidding TimeStamp","info":"Zeitpunkt für Ablauf:\nstartdatum + 14 Tage\n\nDatumsfeld implementieren, damit man vor und zurück springen kann. Oder einfach knopf zum simulieren, dass zeit abgelaufen ist.\n\n23.10:\nNeu mit Status in der Chain arbeiten und per Knopfdruck Status wechseln","x":190,"y":620,"wires":[]},{"id":"df77ba0.bb73dc8","type":"function","z":"dda1fca1.30c2b8","name":"","func":"var bidding = msg.payload;\n\nbidding.sender_address = global.get(\"bidding_business\");\nbidding.request_id = global.get(\"selected_request_id\");\nbidding.command = \"place_bid\";\n\nmsg.payload = \"'\" + JSON.stringify(bidding) + \"'\";\nreturn msg;\n\n","outputs":1,"noerr":0,"initialize":"","finalize":"","x":935,"y":520,"wires":[["f093292e.72974","edd22093.939e58"]],"l":false},{"id":"85d4cd2d.a619","type":"comment","z":"dda1fca1.30c2b8","name":"1. Request by government","info":"","x":190,"y":60,"wires":[]},{"id":"31d87de5.61330a","type":"comment","z":"dda1fca1.30c2b8","name":"2. Bidding by businesses","info":"","x":190,"y":480,"wires":[]},{"id":"8e0ee826.cc0a88","type":"comment","z":"dda1fca1.30c2b8","name":"3. Requirement validation","info":"","x":170,"y":1620,"wires":[]},{"id":"cfc6e02c.49ff08","type":"ui_dropdown","z":"dda1fca1.30c2b8","name":"","label":"","tooltip":"","place":"Request","group":"cca10030.5abc88","order":3,"width":0,"height":0,"passthru":true,"multiple":false,"options":[{"label":"","value":"","type":"str"}],"payload":"","topic":"","x":400,"y":680,"wires":[["46b7bb66.ed46d4","b6c63aa2.65d57"]]},{"id":"29e986f1.a8e1ca","type":"function","z":"dda1fca1.30c2b8","name":"","func":"var businesses = [{\n  \"Masks FFP2\": \"a9z5fe7230\"\n}]\n\nmsg.options = businesses\nreturn msg;","outputs":1,"noerr":0,"initialize":"","finalize":"","x":255,"y":680,"wires":[["cfc6e02c.49ff08"]],"l":false},{"id":"46b7bb66.ed46d4","type":"debug","z":"dda1fca1.30c2b8","name":"","active":true,"tosidebar":true,"console":false,"tostatus":false,"complete":"false","statusVal":"","statusType":"auto","x":530,"y":620,"wires":[]},{"id":"b6c63aa2.65d57","type":"function","z":"dda1fca1.30c2b8","name":"","func":"global.set(\"selected_request_id\", msg.payload);\nreturn msg;","outputs":1,"noerr":0,"initialize":"","finalize":"","x":555,"y":680,"wires":[[]],"l":false},{"id":"6760b195.83bb9","type":"comment","z":"dda1fca1.30c2b8","name":"","info":"Proposal_id ist eindeutige id von anfang bis am schluss\n\ndie verschiednene nachweisdokumente hochladen, hash erzeugen und lokal/ipfs speichern, und auf proposal ID linken. In externer DB eingaben prüfen. Wenn true -> weiter\nWenn false -> wähle den 2. billigsten","x":380,"y":1620,"wires":[]},{"id":"e3e2b533.bf16f8","type":"comment","z":"dda1fca1.30c2b8","name":"4. Order","info":"","x":100,"y":1800,"wires":[]},{"id":"364e6253.67d896","type":"comment","z":"dda1fca1.30c2b8","name":"","info":"","x":110,"y":1840,"wires":[]},{"id":"3b08b4ff.265aa4","type":"exec","z":"dda1fca1.30c2b8","command":"node procurement/js/main.js  ","addpay":true,"append":"","useSpawn":"false","timer":"","oldrc":false,"name":"","x":840,"y":200,"wires":[["2dea97b3.908ab8"],["73c646b0.7049a8","7d04acbc.60dae4"],["7f6f39a7.17cd7"]]},{"id":"2dea97b3.908ab8","type":"debug","z":"dda1fca1.30c2b8","name":"stdout","active":true,"tosidebar":true,"console":false,"tostatus":false,"complete":"payload","targetType":"msg","statusVal":"","statusType":"auto","x":1130,"y":120,"wires":[]},{"id":"73c646b0.7049a8","type":"debug","z":"dda1fca1.30c2b8","name":"stderr","active":true,"tosidebar":true,"console":true,"tostatus":false,"complete":"payload","targetType":"msg","statusVal":"","statusType":"auto","x":1140,"y":160,"wires":[]},{"id":"7f6f39a7.17cd7","type":"debug","z":"dda1fca1.30c2b8","name":"code","active":true,"tosidebar":true,"console":false,"tostatus":false,"complete":"payload","targetType":"msg","statusVal":"","statusType":"auto","x":1130,"y":200,"wires":[]},{"id":"b25b4ceb.444a4","type":"function","z":"dda1fca1.30c2b8","name":"","func":"var request = msg.payload;\n\nrequest.command = \"add_request\";\n\nmsg.payload = \"'\" + JSON.stringify(request) + \"'\";\nreturn msg;","outputs":1,"noerr":0,"initialize":"","finalize":"","x":495,"y":200,"wires":[["3b08b4ff.265aa4"]],"l":false},{"id":"a2ad86ee.33e1c","type":"inject","z":"dda1fca1.30c2b8","name":"","props":[{"p":"payload"},{"p":"topic","vt":"str"}],"repeat":"","crontab":"","once":false,"onceDelay":0.1,"topic":"","payload":"","payloadType":"date","x":160,"y":340,"wires":[["7d04acbc.60dae4"]]},{"id":"86d15aaa.41931","type":"exec","z":"dda1fca1.30c2b8","command":"node procurement/js/main.js  ","addpay":true,"append":"","useSpawn":"false","timer":"","oldrc":false,"name":"","x":490,"y":340,"wires":[["ccd40b6d.734108"],["ee6fdda2.d82f1","d0e24503.aab898"],["ec20181a.c582d"]]},{"id":"7d04acbc.60dae4","type":"function","z":"dda1fca1.30c2b8","name":"","func":"var request = {\n  \"request_id\": \"a9z5fe7230\",\n  \"command\": \"get_request\"\n}\nmsg.payload = \"'\" + JSON.stringify(request) + \"'\";\nreturn msg;","outputs":1,"noerr":0,"initialize":"","finalize":"","x":285,"y":340,"wires":[["86d15aaa.41931"]],"l":false},{"id":"ccd40b6d.734108","type":"debug","z":"dda1fca1.30c2b8","name":"stdout","active":true,"tosidebar":true,"console":false,"tostatus":false,"complete":"payload","targetType":"msg","statusVal":"","statusType":"auto","x":720,"y":300,"wires":[]},{"id":"ee6fdda2.d82f1","type":"debug","z":"dda1fca1.30c2b8","name":"stderr","active":true,"tosidebar":true,"console":true,"tostatus":false,"complete":"payload","targetType":"msg","statusVal":"","statusType":"auto","x":870,"y":320,"wires":[]},{"id":"ec20181a.c582d","type":"debug","z":"dda1fca1.30c2b8","name":"code","active":true,"tosidebar":true,"console":false,"tostatus":false,"complete":"payload","targetType":"msg","statusVal":"","statusType":"auto","x":720,"y":380,"wires":[]},{"id":"ccd4de29.add748","type":"inject","z":"dda1fca1.30c2b8","name":"","props":[{"p":"payload"},{"p":"topic","vt":"str"}],"repeat":"","crontab":"","once":false,"onceDelay":0.1,"topic":"","payload":"","payloadType":"date","x":800,"y":640,"wires":[["43d75f96.318d7","5af541cb.c5f478","441ef70a.b24118"]]},{"id":"edd22093.939e58","type":"exec","z":"dda1fca1.30c2b8","command":"node procurement/js/main.js  ","addpay":true,"append":"","useSpawn":"false","timer":"","oldrc":false,"name":"","x":1130,"y":640,"wires":[["7e7e8cc8.bcc404"],["72165b98.a8d5ec","b4a8e735.d6aa78"],["ce3de9ce.d38268"]]},{"id":"43d75f96.318d7","type":"function","z":"dda1fca1.30c2b8","name":"","func":"var request = {\n  \"request_id\": \"a9z5fe7230\",\n  \"sender_address\": \"0xCa2970CFb9ACF8cc30Bab4eb86fd50e6d11EEf46\",\n  \"bidding_hash\": '0x1253e9373e781b7500266caa55150e08e210bc8cd8cc70d89985e3600155e860', //105\n  \"offer_hash\": '0xe37c53d26bf95f5d2e13d3d891d2ad55c91557d9a312cfc158c0dc1621bebaa4', //offerte\n  \"command\": \"place_bid\"\n}\nmsg.payload = \"'\" + JSON.stringify(request) + \"'\";\nreturn msg;","outputs":1,"noerr":0,"initialize":"","finalize":"","x":935,"y":620,"wires":[["edd22093.939e58"]],"l":false},{"id":"7e7e8cc8.bcc404","type":"debug","z":"dda1fca1.30c2b8","name":"stdout","active":true,"tosidebar":true,"console":false,"tostatus":false,"complete":"payload","targetType":"msg","statusVal":"","statusType":"auto","x":1350,"y":600,"wires":[]},{"id":"72165b98.a8d5ec","type":"debug","z":"dda1fca1.30c2b8","name":"stderr","active":true,"tosidebar":true,"console":true,"tostatus":false,"complete":"payload","targetType":"msg","statusVal":"","statusType":"auto","x":1520,"y":620,"wires":[]},{"id":"ce3de9ce.d38268","type":"debug","z":"dda1fca1.30c2b8","name":"code","active":true,"tosidebar":true,"console":false,"tostatus":false,"complete":"payload","targetType":"msg","statusVal":"","statusType":"auto","x":1351,"y":680,"wires":[]},{"id":"16d51c7f.cdac04","type":"comment","z":"dda1fca1.30c2b8","name":"1.1 Get Injected Request from Blockchain by request_id","info":"","x":280,"y":280,"wires":[]},{"id":"5af541cb.c5f478","type":"function","z":"dda1fca1.30c2b8","name":"","func":"var request = {\n  \"request_id\": \"a9z5fe7230\",\n  \"sender_address\": \"0xA2c18F1387C2fc653dC23b459B37BF0cefcD9D4A\",\n  \"bidding_hash\": '0x28dae7c8bde2f3ca608f86d0e16a214dee74c74bee011cdfdd46bc04b655bc14', //511\n  \"offer_hash\": '0xe37c53d26bf95f5d2e13d3d891d2ad55c91557d9a312cfc158c0dc1621bebaa4', //offerte\n  \"command\": \"place_bid\"\n}\nmsg.payload = \"'\" + JSON.stringify(request) + \"'\";\nreturn msg;","outputs":1,"noerr":0,"initialize":"","finalize":"","x":935,"y":660,"wires":[["edd22093.939e58"]],"l":false},{"id":"441ef70a.b24118","type":"function","z":"dda1fca1.30c2b8","name":"","func":"var request = {\n  \"request_id\": \"a9z5fe7230\",\n  \"sender_address\": \"0xF9159d4Bd7EEab5bbd1273b1e3D9685Dfc98042D\",\n  \"bidding_hash\": '0x0f8ef3377b30fc47f96b48247f463a726a802f62f3faa03d56403751d2f66c67', //512\n  \"offer_hash\": '0xe37c53d26bf95f5d2e13d3d891d2ad55c91557d9a312cfc158c0dc1621bebaa4', //offerte\n  \"command\": \"place_bid\"\n}\nmsg.payload = \"'\" + JSON.stringify(request) + \"'\";\nreturn msg;","outputs":1,"noerr":0,"initialize":"","finalize":"","x":935,"y":700,"wires":[["edd22093.939e58"]],"l":false},{"id":"8f8350ad.403dd8","type":"inject","z":"dda1fca1.30c2b8","name":"","props":[{"p":"payload"},{"p":"topic","vt":"str"}],"repeat":"","crontab":"","once":false,"onceDelay":0.1,"topic":"","payload":"","payloadType":"date","x":120,"y":1360,"wires":[["927f8f73.29146","aa419ba4.7366","320e11e.c724aee"]]},{"id":"cd8f0287.f09e2","type":"exec","z":"dda1fca1.30c2b8","command":"node procurement/js/main.js  ","addpay":true,"append":"","useSpawn":"false","timer":"","oldrc":false,"name":"","x":450,"y":1360,"wires":[["87f81137.d0bea"],["2cb764e0.dfa88c"],["112b067e.8a5a8a"]]},{"id":"927f8f73.29146","type":"function","z":"dda1fca1.30c2b8","name":"","func":"var request = {\n  \"request_id\": \"a9z5fe7230\",\n  \"sender_address\": \"0xCa2970CFb9ACF8cc30Bab4eb86fd50e6d11EEf46\",\n  \"price\": 10,\n  \"nonce\": 5,\n  \"command\": \"reveal_bid\"\n}\nmsg.payload = \"'\" + JSON.stringify(request) + \"'\";\nreturn msg;","outputs":1,"noerr":0,"initialize":"","finalize":"","x":245,"y":1360,"wires":[["cd8f0287.f09e2"]],"l":false},{"id":"87f81137.d0bea","type":"debug","z":"dda1fca1.30c2b8","name":"stdout","active":true,"tosidebar":true,"console":false,"tostatus":false,"complete":"payload","targetType":"msg","statusVal":"","statusType":"auto","x":680,"y":1320,"wires":[]},{"id":"2cb764e0.dfa88c","type":"debug","z":"dda1fca1.30c2b8","name":"stderr","active":true,"tosidebar":true,"console":true,"tostatus":false,"complete":"payload","targetType":"msg","statusVal":"","statusType":"auto","x":690,"y":1360,"wires":[]},{"id":"112b067e.8a5a8a","type":"debug","z":"dda1fca1.30c2b8","name":"code","active":true,"tosidebar":true,"console":false,"tostatus":false,"complete":"payload","targetType":"msg","statusVal":"","statusType":"auto","x":680,"y":1400,"wires":[]},{"id":"320e11e.c724aee","type":"function","z":"dda1fca1.30c2b8","name":"","func":"var request = {\n  \"request_id\": \"a9z5fe7230\",\n  \"sender_address\": \"0xF9159d4Bd7EEab5bbd1273b1e3D9685Dfc98042D\",\n  \"price\": 12,\n  \"nonce\": 5,\n  \"command\": \"reveal_bid\"\n}\nmsg.payload = \"'\" + JSON.stringify(request) + \"'\";\nreturn msg;","outputs":1,"noerr":0,"initialize":"","finalize":"","x":235,"y":1440,"wires":[["cd8f0287.f09e2"]],"l":false},{"id":"aa419ba4.7366","type":"function","z":"dda1fca1.30c2b8","name":"","func":"var request = {\n  \"request_id\": \"a9z5fe7230\",\n  \"sender_address\": \"0xA2c18F1387C2fc653dC23b459B37BF0cefcD9D4A\",\n  \"price\": 11,\n  \"nonce\": 5,\n  \"command\": \"reveal_bid\"\n}\nmsg.payload = \"'\" + JSON.stringify(request) + \"'\";\nreturn msg;","outputs":1,"noerr":0,"initialize":"","finalize":"","x":235,"y":1400,"wires":[["cd8f0287.f09e2"]],"l":false},{"id":"197863ca.c578b4","type":"inject","z":"dda1fca1.30c2b8","name":"","props":[{"p":"payload"},{"p":"topic","vt":"str"}],"repeat":"","crontab":"","once":false,"onceDelay":0.1,"topic":"","payload":"","payloadType":"date","x":120,"y":1580,"wires":[["c84fc52e.14da88"]]},{"id":"bdec6d1e.e9bed","type":"exec","z":"dda1fca1.30c2b8","command":"node procurement/js/main.js  ","addpay":true,"append":"","useSpawn":"false","timer":"","oldrc":false,"name":"","x":450,"y":1580,"wires":[["dda7b1f9.596d8"],["ad5775d0.3dded"],["cbe8d08b.fa29f8"]]},{"id":"c84fc52e.14da88","type":"function","z":"dda1fca1.30c2b8","name":"","func":"var request = {\n  \"request_id\": \"a9z5fe7230\",\n  \"command\": \"get_lowest_bid\"\n}\nmsg.payload = \"'\" + JSON.stringify(request) + \"'\";\nreturn msg;","outputs":1,"noerr":0,"initialize":"","finalize":"","x":245,"y":1580,"wires":[["bdec6d1e.e9bed"]],"l":false},{"id":"dda7b1f9.596d8","type":"debug","z":"dda1fca1.30c2b8","name":"stdout","active":true,"tosidebar":true,"console":false,"tostatus":false,"complete":"payload","targetType":"msg","statusVal":"","statusType":"auto","x":680,"y":1540,"wires":[]},{"id":"ad5775d0.3dded","type":"debug","z":"dda1fca1.30c2b8","name":"stderr","active":true,"tosidebar":true,"console":true,"tostatus":false,"complete":"payload","targetType":"msg","statusVal":"","statusType":"auto","x":690,"y":1580,"wires":[]},{"id":"cbe8d08b.fa29f8","type":"debug","z":"dda1fca1.30c2b8","name":"code","active":true,"tosidebar":true,"console":false,"tostatus":false,"complete":"payload","targetType":"msg","statusVal":"","statusType":"auto","x":680,"y":1620,"wires":[]},{"id":"883224e.56b71d8","type":"comment","z":"dda1fca1.30c2b8","name":"get lowest bid","info":"","x":80,"y":1540,"wires":[]},{"id":"549f1756.6e01b8","type":"ui_button","z":"dda1fca1.30c2b8","name":"","group":"e41fa7d1.8fcad8","order":1,"width":0,"height":0,"passthru":false,"label":"Inject Request","tooltip":"","color":"","bgcolor":"","icon":"","payload":"","payloadType":"str","topic":"","x":160,"y":140,"wires":[["6f66520f.9f94c4"]]},{"id":"d0e24503.aab898","type":"ui_toast","z":"dda1fca1.30c2b8","position":"dialog","displayTime":"7","highlight":"","sendall":true,"outputs":1,"ok":"OK","cancel":"","raw":false,"topic":"","name":"","x":880,"y":360,"wires":[[]]},{"id":"52ec4e60.82695","type":"comment","z":"dda1fca1.30c2b8","name":"2.1 Dropdowns auslesen","info":"","x":210,"y":520,"wires":[]},{"id":"a665b8f4.e5d61","type":"comment","z":"dda1fca1.30c2b8","name":"2.2 Fill out form","info":"","x":800,"y":480,"wires":[]},{"id":"9bb23e80.42275","type":"comment","z":"dda1fca1.30c2b8","name":"2.3 Place Bid (manual or automatically by form)","info":"","x":900,"y":580,"wires":[]},{"id":"b4a8e735.d6aa78","type":"ui_toast","z":"dda1fca1.30c2b8","position":"dialog","displayTime":"7","highlight":"","sendall":true,"outputs":1,"ok":"OK","cancel":"","raw":false,"topic":"","name":"","x":1530,"y":660,"wires":[[]]},{"id":"d219a7a4.2248a8","type":"comment","z":"dda1fca1.30c2b8","name":"3. Reveal Bid","info":"","x":90,"y":1280,"wires":[]},{"id":"41c9451b.a4c31c","type":"comment","z":"dda1fca1.30c2b8","name":"3. Get / Set State","info":"","x":160,"y":760,"wires":[]},{"id":"8464bce0.54ff3","type":"ui_button","z":"dda1fca1.30c2b8","name":"","group":"54e6855f.783c4c","order":1,"width":0,"height":0,"passthru":false,"label":"Refresh","tooltip":"","color":"","bgcolor":"","icon":"","payload":"","payloadType":"str","topic":"","x":140,"y":820,"wires":[["49ad40a2.3ed0e","59bb8f9d.cedc08"]]},{"id":"5654d899.418f3","type":"exec","z":"dda1fca1.30c2b8","command":"node procurement/js/main.js  ","addpay":true,"append":"","useSpawn":"false","timer":"","oldrc":false,"name":"","x":1180,"y":800,"wires":[["a68d09e8.54c5e8"],["30c675d5.4a09e2","b3bf0b32.e10038"],["950e3c72.a34c18"]]},{"id":"b5acf893.1d0578","type":"ui_dropdown","z":"dda1fca1.30c2b8","name":"","label":"","tooltip":"","place":"Select option","group":"54e6855f.783c4c","order":2,"width":0,"height":0,"passthru":true,"multiple":false,"options":[{"label":"","value":"","type":"str"}],"payload":"","topic":"","x":460,"y":800,"wires":[["b9d362b1.4328b","b98b6ffa.adc0f"]]},{"id":"49ad40a2.3ed0e","type":"function","z":"dda1fca1.30c2b8","name":"","func":"var states = [{\n  \"PROPOSAL\": 0,\n  \"REVEALING\": 1,\n  \"REQUIREMENT\": 2, \n  \"ORDER\": 3, \n  \"DELIVERY\": 4, \n  \"VALIDATION\": 5, \n  \"REQUEST_COMPLETED\": 6\n}]\n\nmsg.options = states\nreturn msg;","outputs":1,"noerr":0,"initialize":"","finalize":"","x":315,"y":800,"wires":[["b5acf893.1d0578"]],"l":false},{"id":"b9d362b1.4328b","type":"function","z":"dda1fca1.30c2b8","name":"","func":"global.set(\"state\", msg.payload);\n\nreturn msg;","outputs":1,"noerr":0,"initialize":"","finalize":"","x":575,"y":800,"wires":[[]],"l":false},{"id":"59bb8f9d.cedc08","type":"function","z":"dda1fca1.30c2b8","name":"","func":"var businesses = [{\n  \"Masks FFP2\": \"a9z5fe7230\"\n}]\n\nmsg.options = businesses\nreturn msg;","outputs":1,"noerr":0,"initialize":"","finalize":"","x":315,"y":860,"wires":[["15d94a3d.afdb9e"]],"l":false},{"id":"15d94a3d.afdb9e","type":"ui_dropdown","z":"dda1fca1.30c2b8","name":"","label":"","tooltip":"","place":"Request","group":"54e6855f.783c4c","order":3,"width":0,"height":0,"passthru":true,"multiple":false,"options":[{"label":"","value":"","type":"str"}],"payload":"","topic":"","x":460,"y":860,"wires":[["3088fd81.1887fa","b6db11d2.f663c8"]]},{"id":"3088fd81.1887fa","type":"function","z":"dda1fca1.30c2b8","name":"","func":"global.set(\"selected_request_id_state\", msg.payload);\nreturn msg;","outputs":1,"noerr":0,"initialize":"","finalize":"","x":575,"y":860,"wires":[[]],"l":false},{"id":"d6dade2f.5e29","type":"ui_button","z":"dda1fca1.30c2b8","name":"","group":"54e6855f.783c4c","order":4,"width":0,"height":0,"passthru":false,"label":"Submit","tooltip":"","color":"","bgcolor":"","icon":"","payload":"","payloadType":"str","topic":"","x":780,"y":800,"wires":[["cedb31af.e0c2a","58d1cb8c.61d824"]]},{"id":"cedb31af.e0c2a","type":"function","z":"dda1fca1.30c2b8","name":"","func":"var set_state = {}\n\nset_state.state = global.get(\"state\");\nset_state.request_id = global.get(\"selected_request_id_state\");\nset_state.command = \"set_state\";\n\nmsg.payload = \"'\" + JSON.stringify(set_state) + \"'\";\nreturn msg;\n\n\n\n","outputs":1,"noerr":0,"initialize":"","finalize":"","x":935,"y":800,"wires":[["5654d899.418f3","240e5290.dd1cce"]],"l":false},{"id":"e28f88e4.52309","type":"ui_button","z":"dda1fca1.30c2b8","name":"","group":"2b73607d.571328","order":3,"width":0,"height":0,"passthru":false,"label":"Get State","tooltip":"","color":"","bgcolor":"","icon":"","payload":"","payloadType":"str","topic":"","x":780,"y":960,"wires":[["ce802b2f.673638"]]},{"id":"ce802b2f.673638","type":"function","z":"dda1fca1.30c2b8","name":"","func":"var bidding = {}\n\nbidding.request_id = global.get(\"selected_request_id_state2\");\nbidding.command = \"get_state\";\n\nmsg.payload = \"'\" + JSON.stringify(bidding) + \"'\";\nreturn msg;\n\n","outputs":1,"noerr":0,"initialize":"","finalize":"","x":935,"y":960,"wires":[["c467840a.890b6"]],"l":false},{"id":"a648a921.09684","type":"ui_button","z":"dda1fca1.30c2b8","name":"","group":"2b73607d.571328","order":1,"width":0,"height":0,"passthru":false,"label":"Load Requests","tooltip":"","color":"","bgcolor":"","icon":"","payload":"","payloadType":"str","topic":"","x":160,"y":960,"wires":[["6c8b4b86.ce8f34"]]},{"id":"6c8b4b86.ce8f34","type":"function","z":"dda1fca1.30c2b8","name":"","func":"var businesses = [{\n  \"Masks FFP2\": \"a9z5fe7230\"\n}]\n\nmsg.options = businesses\nreturn msg;","outputs":1,"noerr":0,"initialize":"","finalize":"","x":315,"y":960,"wires":[["342b3971.344046"]],"l":false},{"id":"342b3971.344046","type":"ui_dropdown","z":"dda1fca1.30c2b8","name":"","label":"","tooltip":"","place":"Request","group":"2b73607d.571328","order":2,"width":0,"height":0,"passthru":true,"multiple":false,"options":[{"label":"","value":"","type":"str"}],"payload":"","topic":"","x":460,"y":960,"wires":[["866bd372.1ed2d8"]]},{"id":"866bd372.1ed2d8","type":"function","z":"dda1fca1.30c2b8","name":"","func":"global.set(\"selected_request_id_state2\", msg.payload);\nreturn msg;","outputs":1,"noerr":0,"initialize":"","finalize":"","x":575,"y":960,"wires":[[]],"l":false},{"id":"2f732384.8cecd4","type":"ui_text","z":"dda1fca1.30c2b8","group":"2b73607d.571328","order":3,"width":0,"height":0,"name":"","label":"","format":"{{msg.payload}}","layout":"row-spread","x":1690,"y":980,"wires":[]},{"id":"c467840a.890b6","type":"exec","z":"dda1fca1.30c2b8","command":"node procurement/js/main.js  ","addpay":true,"append":"","useSpawn":"false","timer":"","oldrc":false,"name":"","x":1180,"y":960,"wires":[["8adcd9c1.c5e758"],["eb9d5457.690458","294b7c59.b2529c"],["41914ab2.94c684"]]},{"id":"a68d09e8.54c5e8","type":"debug","z":"dda1fca1.30c2b8","name":"stdout","active":true,"tosidebar":true,"console":false,"tostatus":false,"complete":"payload","targetType":"msg","statusVal":"","statusType":"auto","x":1490,"y":740,"wires":[]},{"id":"30c675d5.4a09e2","type":"debug","z":"dda1fca1.30c2b8","name":"stderr","active":true,"tosidebar":true,"console":true,"tostatus":false,"complete":"payload","targetType":"msg","statusVal":"","statusType":"auto","x":1640,"y":760,"wires":[]},{"id":"950e3c72.a34c18","type":"debug","z":"dda1fca1.30c2b8","name":"code","active":true,"tosidebar":true,"console":false,"tostatus":false,"complete":"payload","targetType":"msg","statusVal":"","statusType":"auto","x":1490,"y":820,"wires":[]},{"id":"8adcd9c1.c5e758","type":"debug","z":"dda1fca1.30c2b8","name":"stdout","active":true,"tosidebar":true,"console":false,"tostatus":false,"complete":"payload","targetType":"msg","statusVal":"","statusType":"auto","x":1470,"y":920,"wires":[]},{"id":"eb9d5457.690458","type":"debug","z":"dda1fca1.30c2b8","name":"stderr","active":true,"tosidebar":true,"console":true,"tostatus":false,"complete":"payload","targetType":"msg","statusVal":"","statusType":"auto","x":1620,"y":940,"wires":[]},{"id":"41914ab2.94c684","type":"debug","z":"dda1fca1.30c2b8","name":"code","active":true,"tosidebar":true,"console":false,"tostatus":false,"complete":"payload","targetType":"msg","statusVal":"","statusType":"auto","x":1470,"y":1000,"wires":[]},{"id":"b98b6ffa.adc0f","type":"debug","z":"dda1fca1.30c2b8","name":"","active":true,"tosidebar":true,"console":false,"tostatus":false,"complete":"false","statusVal":"","statusType":"auto","x":640,"y":760,"wires":[]},{"id":"b6db11d2.f663c8","type":"debug","z":"dda1fca1.30c2b8","name":"","active":true,"tosidebar":true,"console":false,"tostatus":false,"complete":"false","statusVal":"","statusType":"auto","x":690,"y":860,"wires":[]},{"id":"240e5290.dd1cce","type":"debug","z":"dda1fca1.30c2b8","name":"","active":true,"tosidebar":true,"console":false,"tostatus":false,"complete":"false","statusVal":"","statusType":"auto","x":1030,"y":740,"wires":[]},{"id":"58d1cb8c.61d824","type":"debug","z":"dda1fca1.30c2b8","name":"","active":true,"tosidebar":true,"console":false,"tostatus":false,"complete":"false","statusVal":"","statusType":"auto","x":820,"y":700,"wires":[]},{"id":"b3bf0b32.e10038","type":"ui_toast","z":"dda1fca1.30c2b8","position":"dialog","displayTime":"7","highlight":"","sendall":true,"outputs":1,"ok":"OK","cancel":"","raw":false,"topic":"","name":"","x":1650,"y":800,"wires":[[]]},{"id":"294b7c59.b2529c","type":"function","z":"dda1fca1.30c2b8","name":"","func":"msg.payload = msg.payload.slice(0,-1)\nswitch (msg.payload){\n    case '0 ':\n        msg.payload = 'PROPOSAL';\n        break;\n    case '1':\n        msg.payload = 'REVEALING';\n        break;\n    case '2':\n        msg.payload = 'REQUIREMENT';\n        break;\n    case '3':\n        msg.payload = 'ORDER';\n        break;\n    case '4':\n        msg.payload = 'DELIVERY';\n        break;\n    case '5':\n        msg.payload = 'VALIDATION';\n        break;\n    case '6':\n        msg.payload = 'REQUEST_COMPLETED';\n        break;\n    default:\n        break;\n}\n\nreturn msg;","outputs":1,"noerr":0,"initialize":"","finalize":"","x":1575,"y":980,"wires":[["2f732384.8cecd4","4b54bbfa.1d9674"]],"l":false},{"id":"4b54bbfa.1d9674","type":"debug","z":"dda1fca1.30c2b8","name":"","active":true,"tosidebar":true,"console":false,"tostatus":false,"complete":"false","statusVal":"","statusType":"auto","x":1720,"y":1100,"wires":[]},{"id":"a36f9521.568838","type":"ui_table","z":"dda1fca1.30c2b8","group":"ea059af6.6b0f38","name":"","order":3,"width":0,"height":0,"columns":[{"field":"business_address","title":"Business","width":"","align":"left","formatter":"plaintext","formatterParams":{"target":"_blank"}},{"field":"proposal_bid_hash","title":"Proposal Bid Hash","width":"","align":"left","formatter":"plaintext","formatterParams":{"target":"_blank"}}],"outputs":0,"cts":false,"x":1170,"y":1080,"wires":[]},{"id":"3f8389d6.90a1f6","type":"ui_button","z":"dda1fca1.30c2b8","name":"","group":"ea059af6.6b0f38","order":1,"width":0,"height":0,"passthru":false,"label":"Refresh","tooltip":"","color":"","bgcolor":"","icon":"","payload":"","payloadType":"str","topic":"","x":140,"y":1040,"wires":[["164db538.2ae28b"]]},{"id":"fa171b5c.c9965","type":"function","z":"dda1fca1.30c2b8","name":"","func":"var bidding = {}\n\nbidding.request_id = global.get(\"selected_request_id_state3\");\nbidding.command = \"get_proposals\";\n\nmsg.payload = \"'\" + JSON.stringify(bidding) + \"'\";\nreturn msg;\n\n","outputs":1,"noerr":0,"initialize":"","finalize":"","x":275,"y":1100,"wires":[["2e00eee9.f36cca"]],"l":false},{"id":"2e00eee9.f36cca","type":"exec","z":"dda1fca1.30c2b8","command":"node procurement/js/main.js  ","addpay":true,"append":"","useSpawn":"false","timer":"","oldrc":false,"name":"","x":510,"y":1100,"wires":[["236f0d6f.5f5bfa","3bbc2315.1ed11c"],["487d288a.28003"],["fa0837a4.e95cd8"]]},{"id":"236f0d6f.5f5bfa","type":"debug","z":"dda1fca1.30c2b8","name":"stdout","active":true,"tosidebar":true,"console":false,"tostatus":false,"complete":"payload","targetType":"msg","statusVal":"","statusType":"auto","x":950,"y":1040,"wires":[]},{"id":"487d288a.28003","type":"debug","z":"dda1fca1.30c2b8","name":"stderr","active":true,"tosidebar":true,"console":true,"tostatus":false,"complete":"payload","targetType":"msg","statusVal":"","statusType":"auto","x":820,"y":1120,"wires":[]},{"id":"fa0837a4.e95cd8","type":"debug","z":"dda1fca1.30c2b8","name":"code","active":true,"tosidebar":true,"console":false,"tostatus":false,"complete":"payload","targetType":"msg","statusVal":"","statusType":"auto","x":820,"y":1160,"wires":[]},{"id":"335faa36.960cde","type":"ui_dropdown","z":"dda1fca1.30c2b8","name":"","label":"","tooltip":"","place":"Request","group":"ea059af6.6b0f38","order":2,"width":0,"height":0,"passthru":true,"multiple":false,"options":[{"label":"","value":"","type":"str"}],"payload":"","topic":"","x":420,"y":1040,"wires":[["67d2082c.725588"]]},{"id":"67d2082c.725588","type":"function","z":"dda1fca1.30c2b8","name":"","func":"global.set(\"selected_request_id_state3\", msg.payload);\nreturn msg;","outputs":1,"noerr":0,"initialize":"","finalize":"","x":555,"y":1040,"wires":[[]],"l":false},{"id":"164db538.2ae28b","type":"function","z":"dda1fca1.30c2b8","name":"","func":"var businesses = [{\n  \"Masks FFP2\": \"a9z5fe7230\"\n}]\n\nmsg.options = businesses\nreturn msg;","outputs":1,"noerr":0,"initialize":"","finalize":"","x":275,"y":1040,"wires":[["335faa36.960cde"]],"l":false},{"id":"6eba8f3b.267fd8","type":"ui_button","z":"dda1fca1.30c2b8","name":"","group":"ea059af6.6b0f38","order":4,"width":0,"height":0,"passthru":false,"label":"Load Proposals","tooltip":"","color":"","bgcolor":"","icon":"","payload":"","payloadType":"str","topic":"","x":140,"y":1100,"wires":[["fa171b5c.c9965"]]},{"id":"3bbc2315.1ed11c","type":"function","z":"dda1fca1.30c2b8","name":"","func":"var result = {\n    \"business_address\": msg.payload[0][0]\n}\n\nmsg.payload = result;\n\nreturn msg;","outputs":1,"noerr":0,"initialize":"","finalize":"","x":960,"y":1080,"wires":[["a36f9521.568838","6e0c7ea9.220ec"]]},{"id":"6e0c7ea9.220ec","type":"debug","z":"dda1fca1.30c2b8","name":"","active":true,"tosidebar":true,"console":false,"tostatus":false,"complete":"false","statusVal":"","statusType":"auto","x":1220,"y":1200,"wires":[]},{"id":"fd05ee94.06c33","type":"comment","z":"dda1fca1.30c2b8","name":"geht nicht! stdout gibt nichts mehr zurück ","info":"","x":880,"y":920,"wires":[]}]