[{"id":"62c9f004.ef90e","type":"tab","label":"Requirement","disabled":false,"info":""},{"id":"3f0b3e7d.da6902","type":"ui_button","z":"62c9f004.ef90e","name":"","group":"c059f2f5.149488","order":1,"width":0,"height":0,"passthru":false,"label":"Refresh","tooltip":"","color":"","bgcolor":"","icon":"","payload":"","payloadType":"str","topic":"","x":160,"y":540,"wires":[["61ac93f1.aa726c"]]},{"id":"61ac93f1.aa726c","type":"function","z":"62c9f004.ef90e","name":"","func":"var businesses = [{\n  \"SwissMask AG\": \"0xCa2970CFb9ACF8cc30Bab4eb86fd50e6d11EEf46\",\n  \"2Care GmbH\": \"0xA2c18F1387C2fc653dC23b459B37BF0cefcD9D4A\",\n  \"Novartex\": \"0xF9159d4Bd7EEab5bbd1273b1e3D9685Dfc98042D\"\n}]\n\nmsg.options = businesses\nreturn msg;","outputs":1,"noerr":0,"initialize":"","finalize":"","x":275,"y":540,"wires":[["2682f81a.dbaa28"]],"l":false},{"id":"2682f81a.dbaa28","type":"ui_dropdown","z":"62c9f004.ef90e","name":"","label":"","tooltip":"","place":"Business","group":"c059f2f5.149488","order":2,"width":0,"height":0,"passthru":true,"multiple":false,"options":[{"label":"","value":"","type":"str"}],"payload":"","topic":"","x":420,"y":540,"wires":[["8731d76d.83c2b8","bbe946ae.581e6"]]},{"id":"bbe946ae.581e6","type":"function","z":"62c9f004.ef90e","name":"","func":"global.set(\"req_business\", msg.payload);\nreturn msg;","outputs":1,"noerr":0,"initialize":"","finalize":"","x":575,"y":540,"wires":[[]],"l":false},{"id":"8731d76d.83c2b8","type":"debug","z":"62c9f004.ef90e","name":"","active":true,"tosidebar":true,"console":false,"tostatus":false,"complete":"payload","targetType":"msg","statusVal":"","statusType":"auto","x":550,"y":480,"wires":[]},{"id":"4a708aa9.02b554","type":"exec","z":"62c9f004.ef90e","command":"node procurement/js/main.js  ","addpay":true,"append":"","useSpawn":"false","timer":"","oldrc":false,"name":"","x":500,"y":780,"wires":[["e4768743.8be2b","eb5d485c.d23238"],["f749f9c.0f36488"],["8dbbbf31.a9b0b"]]},{"id":"e4768743.8be2b","type":"debug","z":"62c9f004.ef90e","name":"stdout","active":true,"tosidebar":true,"console":false,"tostatus":false,"complete":"payload","targetType":"msg","statusVal":"","statusType":"auto","x":800,"y":680,"wires":[]},{"id":"f749f9c.0f36488","type":"debug","z":"62c9f004.ef90e","name":"stderr","active":true,"tosidebar":true,"console":true,"tostatus":false,"complete":"payload","targetType":"msg","statusVal":"","statusType":"auto","x":800,"y":760,"wires":[]},{"id":"8dbbbf31.a9b0b","type":"debug","z":"62c9f004.ef90e","name":"code","active":true,"tosidebar":true,"console":false,"tostatus":false,"complete":"payload","targetType":"msg","statusVal":"","statusType":"auto","x":770,"y":800,"wires":[]},{"id":"97860317.7683e","type":"ui_button","z":"62c9f004.ef90e","name":"","group":"c059f2f5.149488","order":4,"width":0,"height":0,"passthru":false,"label":"Submit Cert","tooltip":"","color":"","bgcolor":"","icon":"","payload":"","payloadType":"str","topic":"","x":150,"y":780,"wires":[["17ce65bb.4e3d12"]]},{"id":"17ce65bb.4e3d12","type":"function","z":"62c9f004.ef90e","name":"","func":"var request = {\n  \"sender_address\": global.get(\"req_business\"),\n  \"firm_id\": global.get(\"req_firm_id\"),\n  \"tax_cert_hash\": \"0x\" + global.get(\"req_tax_cert_hash\"),\n  \"employee_cert_hash\": \"0x\" + global.get(\"req_employee_cert_hash\"),\n  \"references_cert_hash\": \"0x\" + global.get(\"req_references_cert_hash\"),\n  \"command\": \"set_certificates\"\n}\nmsg.payload = \"'\" + JSON.stringify(request) + \"'\";\nreturn msg;","outputs":1,"noerr":0,"initialize":"","finalize":"","x":295,"y":780,"wires":[["4a708aa9.02b554"]],"l":false},{"id":"b4d0e3a2.f44278","type":"ui_text_input","z":"62c9f004.ef90e","name":"","label":"Firm ID","tooltip":"","group":"c059f2f5.149488","order":3,"width":0,"height":0,"passthru":true,"mode":"text","delay":300,"topic":"","x":420,"y":600,"wires":[["93129f38.935e68"]]},{"id":"93129f38.935e68","type":"function","z":"62c9f004.ef90e","name":"","func":"global.set(\"req_firm_id\", msg.payload);\nreturn msg;","outputs":1,"noerr":0,"initialize":"","finalize":"","x":575,"y":600,"wires":[[]],"l":false},{"id":"eb5d485c.d23238","type":"ui_toast","z":"62c9f004.ef90e","position":"dialog","displayTime":"7","highlight":"","sendall":true,"outputs":1,"ok":"OK","cancel":"","raw":false,"topic":"","name":"","x":810,"y":720,"wires":[[]]},{"id":"ca5c7d78.852c7","type":"ui_upload","z":"62c9f004.ef90e","group":"bb89564c.86a65","title":"Taxes certificate","name":"Taxes certificate","order":1,"width":3,"height":5,"chunk":256,"transfer":"binary","x":160,"y":160,"wires":[["5a4dc85b.5c829"]]},{"id":"41805c5b.4f583c","type":"ui_upload","z":"62c9f004.ef90e","group":"41ed214b.0c20c","title":"Employee Certificate","name":"Employee Certificate","order":1,"width":0,"height":0,"chunk":256,"transfer":"binary","x":180,"y":260,"wires":[["f6a5311d.1336e"]]},{"id":"3b653885.05633","type":"ui_upload","z":"62c9f004.ef90e","group":"10ce3615.09c96a","title":"References","name":"References","order":1,"width":0,"height":0,"chunk":256,"transfer":"binary","x":150,"y":340,"wires":[["1ede45df.83185a"]]},{"id":"5a4dc85b.5c829","type":"join","z":"62c9f004.ef90e","name":"","mode":"auto","build":"string","property":"payload","propertyType":"msg","key":"topic","joiner":"\\n","joinerType":"str","accumulate":false,"timeout":"","count":"","reduceRight":false,"reduceExp":"","reduceInit":"","reduceInitType":"","reduceFixup":"","x":420,"y":160,"wires":[["e6e43adc.aae338","b0b0fbbd.3bad9"]]},{"id":"f6a5311d.1336e","type":"join","z":"62c9f004.ef90e","name":"","mode":"auto","build":"string","property":"payload","propertyType":"msg","key":"topic","joiner":"\\n","joinerType":"str","accumulate":"false","timeout":"","count":"","reduceRight":false,"x":390,"y":260,"wires":[["e4bfdeed.cbadb","c599572f.9b1278"]]},{"id":"1ede45df.83185a","type":"join","z":"62c9f004.ef90e","name":"","mode":"auto","build":"string","property":"payload","propertyType":"msg","key":"topic","joiner":"\\n","joinerType":"str","accumulate":"false","timeout":"","count":"","reduceRight":false,"x":410,"y":340,"wires":[["4ca5cdfc.9a7804","8ab89f6c.f48c98"]]},{"id":"e6e43adc.aae338","type":"debug","z":"62c9f004.ef90e","name":"","active":true,"tosidebar":true,"console":false,"tostatus":false,"complete":"false","statusVal":"","statusType":"auto","x":510,"y":120,"wires":[]},{"id":"e4bfdeed.cbadb","type":"debug","z":"62c9f004.ef90e","name":"","active":true,"tosidebar":true,"console":false,"tostatus":false,"complete":"false","statusVal":"","statusType":"auto","x":490,"y":220,"wires":[]},{"id":"4ca5cdfc.9a7804","type":"debug","z":"62c9f004.ef90e","name":"","active":true,"tosidebar":true,"console":false,"tostatus":false,"complete":"true","targetType":"full","statusVal":"","statusType":"auto","x":470,"y":300,"wires":[]},{"id":"b0b0fbbd.3bad9","type":"digest","z":"62c9f004.ef90e","name":"SHA256 Encryption","algorithm":"SHA256","x":710,"y":160,"wires":[["9b7f1305.f4bb18","264ea400.abbdcc"]]},{"id":"9b7f1305.f4bb18","type":"debug","z":"62c9f004.ef90e","name":"","active":true,"tosidebar":true,"console":false,"tostatus":false,"complete":"false","statusVal":"","statusType":"auto","x":850,"y":100,"wires":[]},{"id":"c599572f.9b1278","type":"digest","z":"62c9f004.ef90e","name":"SHA256 Encryption","algorithm":"SHA256","x":710,"y":260,"wires":[["f27cae24.5bce98","c9e2b8e9.4c0918"]]},{"id":"8ab89f6c.f48c98","type":"digest","z":"62c9f004.ef90e","name":"SHA256 Encryption","algorithm":"SHA256","x":710,"y":340,"wires":[["d3f8beb2.574948","a404f9f2.ec6c2"]]},{"id":"f27cae24.5bce98","type":"debug","z":"62c9f004.ef90e","name":"","active":true,"tosidebar":true,"console":false,"tostatus":false,"complete":"false","statusVal":"","statusType":"auto","x":850,"y":220,"wires":[]},{"id":"d3f8beb2.574948","type":"debug","z":"62c9f004.ef90e","name":"","active":true,"tosidebar":true,"console":false,"tostatus":false,"complete":"false","statusVal":"","statusType":"auto","x":870,"y":300,"wires":[]},{"id":"264ea400.abbdcc","type":"function","z":"62c9f004.ef90e","name":"","func":"global.set(\"req_tax_cert_hash\", msg.payload);\nreturn msg;","outputs":1,"noerr":0,"initialize":"","finalize":"","x":875,"y":160,"wires":[[]],"l":false},{"id":"c9e2b8e9.4c0918","type":"function","z":"62c9f004.ef90e","name":"","func":"global.set(\"req_employee_cert_hash\", msg.payload);\nreturn msg;","outputs":1,"noerr":0,"initialize":"","finalize":"","x":955,"y":260,"wires":[[]],"l":false},{"id":"a404f9f2.ec6c2","type":"function","z":"62c9f004.ef90e","name":"","func":"global.set(\"req_references_cert_hash\", msg.payload);\nreturn msg;","outputs":1,"noerr":0,"initialize":"","finalize":"","x":875,"y":340,"wires":[[]],"l":false},{"id":"c059f2f5.149488","type":"ui_group","z":"","name":"Set Certificates","tab":"4ce93fbc.f7eb88","order":4,"disp":true,"width":"6","collapse":false},{"id":"bb89564c.86a65","type":"ui_group","z":"","name":"Req_Taxes","tab":"4ce93fbc.f7eb88","order":1,"disp":false,"width":"6","collapse":false},{"id":"41ed214b.0c20c","type":"ui_group","z":"","name":"Req_Personal","tab":"4ce93fbc.f7eb88","order":2,"disp":false,"width":"6","collapse":false},{"id":"10ce3615.09c96a","type":"ui_group","z":"","name":"Req_References","tab":"4ce93fbc.f7eb88","order":3,"disp":false,"width":"6","collapse":false},{"id":"4ce93fbc.f7eb88","type":"ui_tab","z":"","name":"Requirement","icon":"dashboard","order":3,"disabled":false,"hidden":false}]